AppName,User,Rating,Review,Date,ThumbsUp,Sentiment,ReviewLength,ReviewCharCount
Shopeepay,Erwin Pulipali,5,ok,2025-05-16T08:09:57.887Z,0,Positif,1,2
Shopeepay,Rama Dani,4,ok,2025-05-16T07:55:33.900Z,0,Positif,1,2
Shopeepay,Atak Ahmad,5,bagus,2025-05-16T07:34:47.999Z,0,Positif,1,5
Shopeepay,Eflin Delima,5,sangat baik dan puas belanja di shopi,2025-05-16T07:32:46.430Z,0,Positif,7,37
Shopeepay,Ramos Hasibuan,5,mantap,2025-05-16T07:25:17.651Z,0,Positif,1,6
Shopeepay,Anggun Rahmadani,5,sangat bagus,2025-05-16T07:20:53.624Z,0,Positif,2,12
Shopeepay,Susi Ratnasari,5,cukup cepat prosesnya,2025-05-16T07:16:01.902Z,0,Positif,3,21
Shopeepay,Saifudin Tiara,5,aku sangat berterima kasih kepada shopee karena bisa membantuku saat kebutuhan mendesak,2025-05-16T07:13:24.248Z,0,Positif,12,87
Shopeepay,Priscilla Wen,4,"top up e-wallet gk tiap hari gratis, kena potong 1rb jg.",2025-05-16T07:02:45.699Z,0,Positif,11,56
Shopeepay,Note Limapro,3,pengiriman ce4,2025-05-16T06:58:54.512Z,0,Netral,2,14
Shopeepay,rama x chrity,1,kocak,2025-05-16T06:47:49.396Z,0,Negatif,1,5
Shopeepay,Agung Gumilar Official,5,bermanfaat,2025-05-16T06:43:41.761Z,0,Positif,1,10
Shopeepay,Lyas Ardyansah,5,mantab,2025-05-16T06:32:08.423Z,0,Positif,1,6
Shopeepay,Tia Kaniawati,3,susahnya masuk,2025-05-16T06:21:27.240Z,0,Netral,2,14
Shopeepay,Sugengwie Widodo,5,"benar benar sangat membantu dan memudahkan kita dalam bertransaksi, dan masih banyak lagi fitur2 yang menarik .semoga ke depannya semakin maju shopeepay",2025-05-16T06:13:57.881Z,0,Positif,22,152
Shopeepay,Iyus Mulyadi,5,membantu sangat,2025-05-16T05:58:30.400Z,0,Positif,2,15
Shopeepay,Anak Maccaku,5,"Puas terbaik apps yang satu ini, mudah digunakan dan sangat simpel banget sehingga memudahkan menjelajahi setiap detail fitur dan fungsi nya,adapun beberapa fitur yang kurang kita ketahui fungsi dan manfaat nya ya,namun ada juga beberapa fitur yang hampir tiap hari menggunakan nya seperti pada saat membeli pulsa token listrik dan transaksi,pengalaman ketika menggunakan aplikasi ini sangat oke bahkan nyaris tanpa bug iklan maupun lemot ya sehingga nyaman banget bertransaksi disini, pertahankan ya",2025-05-16T05:56:38.397Z,1,Positif,72,500
Shopeepay,akbar rio,1,Shopepay payah banget dulu banget gak ada minimal 50rb sekarang malahan ada minimal 50rb halo kalian kira orang-orang pegang aplikasi shope itu orang kaya semua apa mana ada yg kaya semua pastinya ada yg di bawah harusnya mikir dongs pakai otak jangan nyusahkan orang lain,2025-05-16T05:48:16.842Z,0,Negatif,45,272
Shopeepay,Ari Fin,5,baik,2025-05-16T05:44:19.211Z,0,Positif,1,4
Shopeepay,ANCAOKTA RAENEDI,5,gud,2025-05-16T05:40:49.789Z,0,Positif,1,3
Shopeepay,Sagita Cahyani,5,Lovee bangettt,2025-05-16T05:37:44.326Z,0,Positif,2,14
Shopeepay,Ali 1993,5,sangat bermanfaat,2025-05-16T05:33:37.827Z,0,Positif,2,17
Shopeepay,Dodi Sonjaya,5,"sya tdk akan ngetik pajang"" pokoknya shopeepay ok bangettt,,,, terimakasih",2025-05-16T05:15:06.908Z,0,Positif,10,74
Shopeepay,Tri Yanto,5,bagus...,2025-05-16T05:11:46.886Z,0,Positif,1,8
Shopeepay,Juli Aja,5,sangat puas dengan apk ini,2025-05-16T05:08:18.600Z,0,Positif,5,26
Shopeepay,Sisilia Akwila,5,sangat bagusss,2025-05-16T05:08:05.408Z,0,Positif,2,14
Shopeepay,Riki Oscar,1,"ga bisa buka, ya trus gimana cara bayar paylatternya?",2025-05-16T05:07:14.346Z,0,Negatif,9,53
Shopeepay,megan tlampik,1,Kenapa saya tidak bisa transfer sesama shopeepay keterangannya demi keamanan transaksi tidak dapat dilakukan silakan hubungi customer shopee,2025-05-16T05:03:28.623Z,0,Negatif,18,140
Shopeepay,Sudri Nugroho,5,mantap,2025-05-16T04:54:52.637Z,0,Positif,1,6
Shopeepay,ADIGUNA PANDU,1,"sangat layanan buruk,pengalaman dari brimo Qris saya TF ke qris shopeePay , hilang tidak masuk ke saldo , padahal dari bank BRI menyatakan itu sukses terkirim.",2025-05-16T04:48:00.977Z,0,Negatif,26,159
Shopeepay,Par Tii,5,min tolong dong masukin PBB banten,2025-05-16T04:43:58.684Z,0,Positif,6,34
Shopeepay,Maulidiya Lidiya,5,sangat membantu,2025-05-16T04:42:43.974Z,0,Positif,2,15
Shopeepay,Sulhadi,1,"tagihan angsuran sudah d lunasi plus denda keterlambatannya telat beberapa hari saja , tidak bisa pinjam lagi parah tidak direkomendasikan",2025-05-16T04:37:58.106Z,0,Negatif,20,138
Shopeepay,Zidan antasari,5,bagus mantap,2025-05-16T04:34:52.935Z,0,Positif,2,12
Shopeepay,Cece Gemush,5,mntap,2025-05-16T04:24:35.830Z,0,Positif,1,5
Shopeepay,Ahmad Amuji,5,sangat membantu,2025-05-16T04:19:53.319Z,0,Positif,2,15
Shopeepay,Dewi wahyu ningsih 15,5,"Aplikasi paling mantap, sih. gak ada bug atau lag sama sekali. terus fitur pembayaran dan transfernya cepat dan gak ribet. gampang juga memakai nya karena lebih praktis dan cepat. pokoknya cinta banget sama aplikasi ini",2025-05-16T04:17:53.231Z,0,Positif,35,219
Shopeepay,Heni Rohaniah,5,bagus,2025-05-16T04:16:00.272Z,0,Positif,1,5
Shopeepay,Dea Golden,5,bagus dan mudah,2025-05-16T04:14:35.435Z,0,Positif,3,15
Shopeepay,Hari Eko,5,baik,2025-05-16T04:06:09.511Z,0,Positif,1,4
Shopeepay,Sri yanto,1,"kecewa dg pelayanan dari splatter,PD tgl 25 April saya ada tagihan 340 sekian, saya mengajukan untuk di konversi 3 bulan tp blm dp notifikasi,Krn takut telat jadi saya lunasi semua tagihan.tp tgl 26 April muncul lg tagihan 49600 sekian.saya sdh lapor 4 kali, konversi berjalan OK nggak apa-apa,tp dana saya dikembalikan dulu dong, sampai keluhan ini saya tulis masalah saya blm selesai.terimakasih",2025-05-16T04:02:18.938Z,0,Negatif,62,397
Shopeepay,Syifa Rahmah Sulthona,4,apalikasi shopee menawarkan berbagai pilihan produk yang menarik dengan harga terjangkau di tambah beberapa fitur terbaru yang menarik cum saya waktu loading saat membuka aplikasinya terlalu lama sehingga kadang jadi bosan saat menunggu. Tolong perbaiki saat loading nya agar lebih cepat... Makasih.,2025-05-16T03:59:46.433Z,0,Positif,42,299
Shopeepay,Muklis chaniago Muklis chaniago,5,sangat bagus aplikasi shopee pay,2025-05-16T03:58:21.782Z,0,Positif,5,32
Shopeepay,Evita Nasty,5,mantapppp dan mudah pemakaiannya,2025-05-16T03:55:26.300Z,0,Positif,4,32
Shopeepay,Isikode [ FFQNMY5MB ] dpt saldo,5,"puas favorit aku di tahun 2025 pokoknya jempol,gak beriklan, tdk ada bug & lemot sehingga mantap bertransaksi dan menjelajahi setiap detail dari menu""nya. Namun disayangkan sekali ada beberapa fitur-menu tsb gak terlalu dipahami/ kegunaannya fungsi dan tujuannya, hanya ada beberapa dr fitur fitur yg sering digunakan & hampir setiap hari pake misalanya mengisi data, bayar tagihan, transfer, menurut pengalaman semua oke gak suka pending, rekan"" jg menkmati bebas biaya adm saat trnsferan, keren..",2025-05-16T03:52:50.372Z,7,Positif,73,498
Shopeepay,Alam Algin,5,baik,2025-05-16T03:49:53.175Z,0,Positif,1,4
Shopeepay,Dony Rahardjo,5,Aplikasi belanja terbaik di Indonesia..,2025-05-16T03:49:24.302Z,0,Positif,5,39
Shopeepay,5_Aprilia Noor Devinta sari,1,"gimana ini shopeepay tapi ga bisa buat bayar belanja di shopee wkwkwk kocak bet, pdhl sama-sama shopee",2025-05-16T03:42:26.552Z,0,Negatif,17,102
Shopeepay,firoh abarissa,5,bagus sangat memudahkan segala kebutuhan ..praktis ..ga ribet,2025-05-16T03:34:07.783Z,0,Positif,8,61
Shopeepay,Wiedayani 88,5,ok,2025-05-16T03:30:00.434Z,0,Positif,1,2
Shopeepay,Arya wira Kalimangsetan,4,dompet digitan yg sangat keten dan mudah d gunakan,2025-05-16T03:29:10.744Z,0,Positif,9,50
Shopeepay,Yusak Deswantoro,5,lebih disiplin dr sebelumnya,2025-05-16T03:10:35.840Z,0,Positif,4,28
Shopeepay,Antok Retek,5,Terimakasih ahopeepay. dengan adanya aplikasi ini bisa menambah penghasilan saya.,2025-05-16T03:04:47.607Z,0,Positif,10,81
Shopeepay,theogive waworundeng,5,baik,2025-05-16T03:00:26.228Z,0,Positif,1,4
Shopeepay,Nur Hayati (Nur),1,"ka knp Shopee pay sy gk bisa di gunakan lagi cmn karna lambat bayar, aj kecuali tidak bayar cara aktifin lagi gmn?",2025-05-16T02:50:44.259Z,0,Negatif,22,114
Shopeepay,Pitut,5,mantap,2025-05-16T02:26:21.847Z,0,Positif,1,6
Shopeepay,Rani Agustiani,5,uang shopeeğŸ˜ğŸ‘,2025-05-16T02:16:54.279Z,0,Positif,2,13
Shopeepay,Nurillah Nabilla,5,Baik,2025-05-16T02:12:06.224Z,0,Positif,1,4
Shopeepay,muhammad bahrudin,5,menyenangkan banget tambah p ngalaman,2025-05-16T02:11:20.888Z,0,Positif,5,37
Shopeepay,Ahmad Rudianto,5,sngt memberikan kmudahan,2025-05-16T02:10:07.293Z,0,Positif,3,24
Shopeepay,Aulia Gilang Deven,1,smua apk shopee kl lg di pke psti lemot,2025-05-16T02:06:57.587Z,0,Negatif,9,39
Shopeepay,Halu Luyak,5,"cukup puas baguss apk andalan tahun ini, bebas iklan, tdk ada bug & lemot sehingga senang bertransaksi dan menjelajahi semua detail dari menu""nya. Tapi di sayangkan masih ada bebarapa fitur-menu tsb tdk begitu dipahami/ kegunaannya fungsi dan tujuannya, namun ada sebahagian dr fitur fitur yang aktif dipakai & hampir setiap waktu, seperti ketika mengisi pulsa, bayar berbayar, transfer saat dipakai semua baik, gak pending2 sekedar masukan, agar mudah dpahami fitur""nya dibuat ssimpel mungkinlah..",2025-05-16T01:51:46.999Z,1,Positif,73,498
Shopeepay,hartati hartati,5,mantap,2025-05-16T01:46:28.820Z,0,Positif,1,6
Shopeepay,Resa resa,5,bagus app nya,2025-05-16T01:39:58.352Z,0,Positif,3,13
Shopeepay,Risalatuna Mart,5,good,2025-05-16T01:29:38.598Z,0,Positif,1,4
Shopeepay,Asha jyori darmawan,5,lebihhh gampnghh,2025-05-16T01:28:22.940Z,0,Positif,2,16
Shopeepay,Iam. Aan,1,garaÂ² update jd ga bs pake shopeepay latter lg,2025-05-16T01:23:42.957Z,0,Negatif,9,46
Shopeepay,pengkab kediri,5,sangat cepat dan tidak ribet,2025-05-16T01:16:59.889Z,0,Positif,5,28
Shopeepay,Ayah Lashira Siregar,5,lebih mudah,2025-05-16T01:01:50.195Z,0,Positif,2,11
Shopeepay,Sutoyo,5,mantapppppppppppp,2025-05-16T00:58:58.736Z,0,Positif,1,17
Shopeepay,Ai Nuraeni _B,4,TerbaikğŸ¤©,2025-05-16T00:52:34.968Z,0,Positif,1,8
Shopeepay,Alex Alexander,1,ribet susah di paham mi,2025-05-16T00:39:22.504Z,0,Negatif,5,23
Shopeepay,Alawi Aliazis,5,ok bermanfaat,2025-05-16T00:34:14.173Z,0,Positif,2,13
Shopeepay,Dewovo Ade,5,semoga makin oke lagi,2025-05-16T00:18:06.929Z,0,Positif,4,21
Shopeepay,Wirda Ningrum,4,bagaimana cara merubah durasi pembayaran dari 3 bulan menjadi 6 bulan atau 12 bulan,2025-05-15T23:50:20.306Z,0,Positif,14,83
Shopeepay,dultalji Dul,5,aplikasi yang keren untuk memenuhi kperluan dan kebutuhan hidup I love shopeeâ˜ºğŸ¤“ğŸ™,2025-05-15T23:14:17.232Z,0,Positif,12,80
Shopeepay,HernandezSukirman Kirman,5,aplikasi mantaap..,2025-05-15T23:11:01.789Z,0,Positif,2,18
Shopeepay,Eti Setiawati,5,oke,2025-05-15T22:48:21.650Z,0,Positif,1,3
Shopeepay,El Naro,5,good pokok e...,2025-05-15T22:35:29.572Z,0,Positif,3,15
Shopeepay,Rafi Septi,5,mantap,2025-05-15T22:31:38.604Z,0,Positif,1,6
Shopeepay,Tiuz Mo (Iyuz),4,sedikit kecewa dengan layanan spaylater,2025-05-15T22:30:49.475Z,0,Positif,5,39
Shopeepay,Dika Alonso,5,bagus,2025-05-15T22:08:04.364Z,0,Positif,1,5
Shopeepay,Dewi Rizka Rahayu,4,"pada 09/05/2025 saya top up saldo shopeepay sebesar 2jt, dimana saldo tersebut untuk membayar spaylater dan spinjam.. jika saldo tidak masuk bagaimana saya akan membayar.. sudah komplen pada cs dan memberikan bukti tf tapi tidak ada kejelasan. jangan salahkan saya jika saya tidak membayar tagihan saya kedepan nya.",2025-05-15T22:02:05.347Z,0,Positif,48,315
Shopeepay,Sony Satria Nugraha,5,mantap,2025-05-15T21:51:33.240Z,0,Positif,1,6
Shopeepay,Nayli Marlina,5,OK aja,2025-05-15T21:49:42.927Z,0,Positif,2,6
Shopeepay,Sinta â€œSintappo391â€ Ppo391,5,ku beri â­â­â­â­â­ bintang top banget,2025-05-15T21:26:16.653Z,0,Positif,6,32
Shopeepay,Uhkty,5,bagus,2025-05-15T20:27:26.366Z,0,Positif,1,5
Shopeepay,Ir Ubed,1,ternyata sama saja kaya pinjol abal abal belum apa apa sudah telpon sana sini SMS WA sama orang lain mohon tagihan segera dibayar padahal telat beberapa saat terus menerus berulang telpon orang lain setelah mempermalukan dan menyebar sebagian data saya. terus saya harus bayar gitu??,2025-05-15T20:19:15.861Z,0,Negatif,45,283
Shopeepay,Hadi Wijaya,5,mantap sangat membantu sekali ...mudah transaksi .. keamanan terjaga ..terus berinovasi lagi Shopie..,2025-05-15T19:59:26.709Z,0,Positif,13,101
Shopeepay,Jokk Breng,5,ok,2025-05-15T19:56:16.926Z,0,Positif,1,2
Shopeepay,Vaa Oficial,5,markotop,2025-05-15T19:43:02.400Z,0,Positif,1,8
Shopeepay,Andi Jasmawati Baso,5,mantap bagus enak pokox,2025-05-15T19:39:22.517Z,0,Positif,4,23
Shopeepay,Arya Dila,5,MANTAP DAN SANGAT MEMBANTUğŸ¥°ğŸ¥°ğŸ¥°ğŸ¥°ğŸ¥°,2025-05-15T19:38:24.488Z,0,Positif,4,31
Shopeepay,Ahmad Sunedi,5,bagus dan terpercaya,2025-05-15T19:37:04.857Z,0,Positif,3,20
Shopeepay,Abdkrm Yhy,5,ok,2025-05-15T19:35:38.486Z,0,Positif,1,2
Shopeepay,Wenda Oktora,5,terimakasih,2025-05-15T19:33:57.452Z,0,Positif,1,11
Shopeepay,Sri Wati,5,kalau bisa bagi toko pengiriman barang yang bisa pecah harus di buat wadah yang baik .kokoh agar barang saat di bawa tidak rusak lebih hati hati.karena bisa mengecewakan kosonen,2025-05-15T19:33:45.781Z,0,Positif,29,177
Shopeepay,Nike pitaloka,2,ok,2025-05-15T19:20:51.761Z,0,Negatif,1,2
Shopeepay,M.Robi Yansyah,5,apkikasi moderen yg sangat mudah digunakan & semua kebutuhan bisa terbantu di aplikasi shopee.,2025-05-15T19:13:01.814Z,0,Positif,14,94
Shopeepay,Sheri Yanto,5,ok,2025-05-15T19:10:09.972Z,0,Positif,1,2
Shopeepay,Mas Sam,5,mantaaaappz,2025-05-15T19:09:46.839Z,0,Positif,1,11
Shopeepay,Muhammad Saidi,4,cepet prosesnya,2025-05-15T18:55:58.837Z,0,Positif,2,15
Shopeepay,isikode [ 94M8TV4HS ] dpt saldo,5,"cukup puas bagus app andalan suka selalu, bebas iklan, tdk ada bug & lemot sehingga senang bertransaksi dan menjelajahi setiap detail dari menu""nya. Tapi di sayangkan masih ada beberapa fitur-menu tsb tdk begitu dipahami/ kegunaannya fungsi dan tujuannya, namun ada sebahagian dr fitur fitur yang aktif dipakai & hampir setiap waktu, seperti saat mengisi pulsa, bayar berbayar, transfer saat di gunakan semuanya baik, gak pending2 sekedar saran,saya harap agar di buat simpel lagi bank digital ini..",2025-05-15T18:48:35.949Z,231,Positif,76,499
Shopeepay,Arif Rachman,5,ok,2025-05-15T18:42:47.883Z,0,Positif,1,2
Shopeepay,Dawa Nah,5,okeee,2025-05-15T18:28:31.808Z,0,Positif,1,5
Shopeepay,Johan ridhoval,5,mempermudah sekali,2025-05-15T18:01:19.459Z,0,Positif,2,18
Shopeepay,Cipto Permono,5,sangat membantu,2025-05-15T17:31:06.227Z,0,Positif,2,15
Shopeepay,Bayu Mobile,4,puas,2025-05-15T17:25:59.294Z,0,Positif,1,4
Shopeepay,Deri Deri,5,mudah dimengerti,2025-05-15T17:23:16.689Z,0,Positif,2,16
Shopeepay,Melani,4,Ga bisa beli pulsa hrga murah sedih bngt orang orang bisa tapi setiap aku pencet yng murah habis trus kalau orang lain bisa,2025-05-15T17:21:27.884Z,0,Positif,23,123
Shopeepay,Kita Kita,5,keren,2025-05-15T17:03:26.326Z,0,Positif,1,5
Shopeepay,George Msiren,5,sangat bagus,2025-05-15T17:02:19.572Z,0,Positif,2,12
Shopeepay,Ummu Abdillah,5,siiplah,2025-05-15T16:54:53.234Z,0,Positif,1,7
Shopeepay,Nuraeni Q,5,sangat bagus,2025-05-15T16:47:44.487Z,0,Positif,2,12
Shopeepay,Agil Shoubu,1,cek in nya tidak bisa di claim. dengan alasan keamanan... maksud nya apa coba.,2025-05-15T16:47:10.601Z,0,Negatif,14,78
Shopeepay,Den Batok,4,sangat bagus,2025-05-15T16:46:22.460Z,0,Positif,2,12
Shopeepay,Toni Kristoen1985,5,KerEEEN,2025-05-15T16:40:32.655Z,0,Positif,1,7
Shopeepay,Herman kog,5,good,2025-05-15T16:34:39.939Z,0,Positif,1,4
Shopeepay,Hendri Hendriansyah,1,bahaya nih akun gabisa tranfer padahal ada saldonya,2025-05-15T16:32:42.129Z,0,Negatif,8,51
Shopeepay,Ahmad Safa'at,5,amanah,2025-05-15T16:15:06.494Z,0,Positif,1,6
Shopeepay,Riyan Apriliyanto,5,sangat membantu dalam proses pembelian,2025-05-15T16:05:58.340Z,0,Positif,5,38
Shopeepay,Yusuf Efendi,5,baik,2025-05-15T16:02:20.843Z,0,Positif,1,4
Shopeepay,NIBRAS ALBARAA,5,promo ini sangat membantu rakyat miskin seperti saya,2025-05-15T15:51:10.625Z,0,Positif,8,52
Shopeepay,Nur Kamilah,5,mantap,2025-05-15T15:46:04.114Z,0,Positif,1,6
Shopeepay,Saky Arifudin,3,bagaimana cara menambah pembayaran dari 6 bulan ke 9 atau 12 bulan.?,2025-05-15T15:37:37.735Z,0,Netral,12,68
Shopeepay,Ahmad Ghazali,5,sangat bagus,2025-05-15T15:28:26.777Z,0,Positif,2,12
Shopeepay,Muhamad Yusuf,5,pasti sangat aman,2025-05-15T15:25:48.883Z,0,Positif,3,17
Shopeepay,Jefri Zendrato,5,"saya sangat puas sekali dengan shopeepay ini krn bnyak memberikan manfaat kepada saya, terutama dengan keseharian saya, dan semoga kedepan nya shopeepay ini semakin maju dan berkembang terus di Indonesia dan seluruh negara lainnya supaya bisa menggunakan aplikasi ini dengan baik dan sangat puas dalam hal apapun itu.",2025-05-15T15:12:05.207Z,0,Positif,48,317
Shopeepay,Revan holaka,5,"puas aku suka bgt simple bgt dioperasikan tdk beriklan, tdk ada bug & lemot sehingga enak bertransaksi & menjelajahi setiap detail dari menu""nya. Namun disayangkan banget ada beberapa fitur-menu tsb gak terlalu dipahami/ kegunaannya fungsi dan tujuannya, tapi ada beberapa dr fitur fitur yg aktif digunakan & hampir setia hari pake misalnya mengisi listrik, bayar tagihan, transfer menurut pengalaman semua cepat gak suka pending, sobat"" jg mnkmati bebas biaya adm jika bertransaksi transfer apapun.",2025-05-15T15:05:48.979Z,8,Positif,74,499
Shopeepay,Rojil Falach,5,keren lah,2025-05-15T14:57:50.523Z,0,Positif,2,9
Shopeepay,Juli Eva,5,sangat mempermudah transaksi,2025-05-15T14:32:38.133Z,0,Positif,3,28
Shopeepay,Komang Adnyana,5,"jadi lebih gampang kmana""",2025-05-15T14:08:29.982Z,0,Positif,4,25
Shopeepay,Mas Bokir,5,mantabbbb,2025-05-15T14:05:14.107Z,0,Positif,1,9
Shopeepay,Hilman Maulana Yusuf,5,cukup puas pakai spay bisa bayar ini itu sat set..tolong tingkatkan lagi diskon nya serta limit kreditnya.. terimakasih shopee,2025-05-15T13:53:41.779Z,0,Positif,19,126
Shopeepay,Erni Yulia,1,sudah puluhan kali shope pay sy tidak bisa di pakai.,2025-05-15T13:52:00.966Z,0,Negatif,10,52
Shopeepay,Andri Afriansyah,5,mantap pokona mh,2025-05-15T13:45:24.740Z,0,Positif,3,16
Shopeepay,Muh Farel,3,sistem nya bermasalah mau keluar ada notif masukin kode notif,2025-05-15T13:40:02.155Z,0,Netral,10,61
Shopeepay,ida rosida rosida,5,mantaaap,2025-05-15T13:38:43.644Z,0,Positif,1,8
Shopeepay,Budi Darma,5,mudah dan praktis,2025-05-15T13:35:58.855Z,0,Positif,3,17
Shopeepay,Alie Usman,5,"udah lama pake, ga rewel ga ribet, lancar jaya",2025-05-15T13:33:42.108Z,0,Positif,9,46
Shopeepay,GRAND AULIA GROUP,5,bagus,2025-05-15T13:31:51.567Z,0,Positif,1,5
Shopeepay,Pantun Minang,5,good,2025-05-15T13:30:56.647Z,0,Positif,1,4
Shopeepay,Syafri isap,5,sangat membantu,2025-05-15T13:24:26.515Z,0,Positif,2,15
Shopeepay,Agus Priyono,5,bagus,2025-05-15T13:21:58.179Z,0,Positif,1,5
Shopeepay,Jenni,4,Kadang potong seribu kadang GK. GK jelas. Tapi ok lah,2025-05-15T13:11:26.838Z,0,Positif,10,53
Shopeepay,zidan wax01,5,sangat bagus,2025-05-15T13:10:12.840Z,0,Positif,2,12
Shopeepay,Prima Motor Racing,5,Pelayanan yg baik semoga semakin sejahtera karyawan nya,2025-05-15T13:02:25.692Z,0,Positif,8,55
Shopeepay,Abil Rohman NR,5,memberi pengalaman baru saat ingin membeli barang atau jasa.,2025-05-15T13:02:10.701Z,0,Positif,9,60
Shopeepay,Almahdhi Hisyam,5,mantab,2025-05-15T13:01:21.183Z,0,Positif,1,6
Shopeepay,Ahmad Syafri Rayz,5,Salut atas pelayanan Shoopee dengan 5â˜… memang layak diberikan terkhususnya terhadap komitmennya atas keamanan dan kenyamanan.. semoga shopee tetap eksis semakin maju berkembang ğŸ‘ (aamiin!),2025-05-15T13:01:04.190Z,0,Positif,25,188
Shopeepay,Jal Awaluin,5,semog lebih baik,2025-05-15T12:50:19.774Z,0,Positif,3,16
Shopeepay,Ida Laela,5,"Alhamdulillah dng mngunakn dn mngaktipkn Shopee pay/spaylater, sangat membantu klancaran dlm brbelanja online d Shopee, mksh Shopee, semoga semakin Sukses dn lancar, maju Amiin ğŸŒŸğŸŒŸğŸŒŸğŸŒŸğŸŒŸğŸ‘ğŸ¼ğŸ‘ğŸ¼ğŸ™ğŸ¼ğŸ™ğŸ¼",2025-05-15T12:39:58.956Z,0,Positif,25,190
Shopeepay,Haka studio,5,mantap,2025-05-15T12:11:02.669Z,0,Positif,1,6
Shopeepay,iha channel,5,ok,2025-05-15T12:03:00.597Z,0,Positif,1,2
Shopeepay,achmad boedijono,5,good job,2025-05-15T11:57:08.726Z,0,Positif,2,8
Shopeepay,Angkringan Formosa,5,mohon info...setelah buka menu tidak bisa baca isinya...di pinyjaman...,2025-05-15T11:55:52.118Z,0,Positif,9,71
Shopeepay,Wawan Kurniawan,5,Sangat Suka Sekali,2025-05-15T11:54:07.272Z,1,Positif,3,18
Shopeepay,Rangga Perwira,5,bagus.....ğŸ‘ğŸ‘ğŸ‘ğŸ‘ğŸ‘,2025-05-15T11:54:04.197Z,0,Positif,1,15
Shopeepay,Ghina Mardliyyah,5,ğŸ‘ğŸ‘ğŸ‘,2025-05-15T11:50:16.767Z,0,Positif,1,3
Shopeepay,Xiaomi Poco,5,mantap,2025-05-15T11:39:15.754Z,0,Positif,1,6
Shopeepay,arum arum,5,bagus,2025-05-15T11:37:49.509Z,0,Positif,1,5
Shopeepay,Chiyya El_Syukria,5,mudah dalam penggunaannya,2025-05-15T11:32:09.301Z,0,Positif,3,25
Shopeepay,Bisma Rahman putra,5,mantap,2025-05-15T11:31:12.650Z,0,Positif,1,6
Shopeepay,GUNARIS ZAQI,5,kenapa paylater saya di beku padahal semua tagihan terbayar,2025-05-15T11:30:13.930Z,0,Positif,9,59
Shopeepay,Satria Pratama,1,sistem sangat rumit padahal saldo lebih tapi beli pake shopepay ngak bisa bukanya mempermudah malah mempersulit jadinya enak pake lazada aja pake dana hhuhh,2025-05-15T11:29:49.125Z,0,Negatif,24,156
Shopeepay,Adi Sanjaya,5,sukses selaluğŸ‘ğŸ‘ğŸ‘,2025-05-15T11:23:09.281Z,0,Positif,2,16
Shopeepay,Sperling Sitorus,5,Jadi praktis dengan Shopeepay... Terimakasih banyak...,2025-05-15T11:21:59.185Z,0,Positif,6,54
Shopeepay,Ayun Ayank,5,"belanja cukup dirumah, dianterin pilih harga yg murah. mantappp",2025-05-15T11:21:08.488Z,0,Positif,9,63
Shopeepay,bola batu,5,"Sangat puas praktis apk favorit saya sekali,bebas yang namanya iklan,tidak ada bug & lemot sehingga senang bertransaksi dan menjelajahi setiap detail dari menu""nya.Namun yang disayangkan masih ada beberapa fitur-menu tsb tidak bgtu dipahami kegunaan nya fungsi dan tujuannya tapi ada sebagian dari fitur fitur yang aktif dipakai dan hampir setiap waktu seperti saat membeli pulsa,bayar berbayar, transfer saat digunakan semua lancar ngga pending"", sekedar masukan kalau bsa apknya lbh muda dimengerti",2025-05-15T11:15:39.270Z,1,Positif,71,500
Shopeepay,Saudin Majid,5,sangat memuaskan baguss,2025-05-15T10:47:38.193Z,0,Positif,3,23
Shopeepay,Susi Audina,5,hebat bgt,2025-05-15T10:45:21.773Z,0,Positif,2,9
Shopeepay,Lulu Lulu,5,"belanja di shopee terpecya,mengutang dishopee pay,CPT , murah, dan akurat.. pkokx nya shopee the best..ğŸ¥°ğŸ¥°",2025-05-15T10:39:13.216Z,0,Positif,15,105
Shopeepay,dafa farel,5,sangat membantu,2025-05-15T10:37:52.150Z,0,Positif,2,15
Shopeepay,leo koest,5,membantu,2025-05-15T10:32:13.990Z,0,Positif,1,8
Shopeepay,Gus Gunawan,5,bagus dan sangat membantu keperluan kami,2025-05-15T10:32:05.183Z,0,Positif,6,40
Shopeepay,Budi Haryono,5,gercep,2025-05-15T10:27:02.148Z,0,Positif,1,6
Shopeepay,Miftachoel Oeloem,5,Mudah operasionalnya gk ribet,2025-05-15T10:23:24.817Z,0,Positif,4,29
Shopeepay,fitri tari,5,sukses,2025-05-15T10:03:50.533Z,0,Positif,1,6
Shopeepay,Solihin,5,mantap,2025-05-15T09:56:12.186Z,0,Positif,1,6
Shopeepay,Asep,5,mantap,2025-05-15T09:48:08.691Z,0,Positif,1,6
Shopeepay,Sukry Nurwahid,5,sangat bagus,2025-05-15T09:42:52.902Z,0,Positif,2,12
Shopeepay,Kaylaa,5,mantap,2025-05-15T09:42:03.977Z,0,Positif,1,6
Shopeepay,Muhamad Irham,1,mantap 50 ribu,2025-05-15T09:20:47.149Z,0,Negatif,3,14
Shopeepay,Muhammad Ibnu,5,mantap,2025-05-15T09:18:08.762Z,0,Positif,1,6
Shopeepay,Aseef Luxman,5,membantu sekali,2025-05-15T08:54:59.178Z,0,Positif,2,15
Shopeepay,Dhela Sintya,1,sangat buruk,2025-05-15T08:45:25.618Z,0,Negatif,2,12
Shopeepay,Sani Bian,5,sangat membantu apk yg sangat baik,2025-05-15T08:42:13.130Z,0,Positif,6,34
Shopeepay,Iam Jambal,1,gagal co 10x,2025-05-15T08:41:15.710Z,0,Negatif,3,12
Shopeepay,Hadymul,5,Semua Kemudahan Jadi Satu di Shopeepay .. Mantappppp ..,2025-05-15T08:40:10.563Z,0,Positif,9,55
Shopeepay,Nas Rul,5,sangat puas,2025-05-15T08:39:06.200Z,0,Positif,2,11
Shopeepay,Ahmad Riyadi,5,sangat membantu,2025-05-15T08:27:27.687Z,0,Positif,2,15
Shopeepay,Agung Wicaksono,5,sangat puas bgt selama ini transaksi di apk harga bersahabat kwalitas udah gak perlu di ragukan lagi ğŸ¥°,2025-05-15T08:26:06.454Z,0,Positif,18,102
Shopeepay,Dasuki Dasuki,1,ngga amanah,2025-05-15T08:21:34.836Z,0,Negatif,2,11
Shopeepay,Mj Mj,5,sangat membantu,2025-05-15T08:12:32.786Z,0,Positif,2,15
Shopeepay,Komarudin Komeng,5,ok,2025-05-15T08:03:01.710Z,0,Positif,1,2
Shopeepay,Asep Fighter,5,Keren Sangat Membantu Dan Bermanfaat ğŸ‘ğŸ‘ğŸ‘ğŸ‘,2025-05-15T08:02:53.252Z,0,Positif,6,41
Shopeepay,Haikal Crp,5,mantap,2025-05-15T07:58:00.300Z,0,Positif,1,6
Shopeepay,Agung Setyawan,5,baguss pertahankan,2025-05-15T07:35:52.954Z,0,Positif,2,18
Shopeepay,sis wanto,5,ok,2025-05-15T07:28:21.680Z,0,Positif,1,2
Shopeepay,Dwi Kodok,5,"lebih banyakin promo ,,,terima kasih.",2025-05-15T07:23:29.969Z,0,Positif,5,37
Gopay,toy yanto,2,Ko saldo gopay saya terpotong bisa otomatis sedangkan saya tidak memberikan sandi,2025-05-16T08:02:59.621Z,0,Negatif,12,81
Gopay,Aisyah Dinda,5,mudah transfernya,2025-05-16T08:01:03.620Z,0,Positif,2,17
Gopay,Mau. Ilham Ferdianyah,5,aplikasinya enak,2025-05-16T07:57:09.259Z,0,Positif,2,16
Gopay,Encep Sendi,5,sangat bagus,2025-05-16T07:56:05.768Z,0,Positif,2,12
Gopay,gedewidiarka widi,1,katanya top up gratis udah ada bacaannya loh tapi pas saya beli weekly diamond pas malah ngurang bukannya apa ni ya tapi kalo kayak gini itungannya nipu gak sih? tolong pembuat gopay fisk bug ini karena uang saya yang ilang,2025-05-16T07:52:04.226Z,0,Negatif,40,223
Gopay,Simpang Aor,5,sangat membantu dalam proses keuangan,2025-05-16T07:50:42.881Z,0,Positif,5,37
Gopay,sabrina,5,"belum pernah pakai si tapi emg dari dulu pengen make, i'll will try this app",2025-05-16T07:48:25.992Z,0,Positif,15,76
Gopay,Tito Tito,5,dulu gopay sering bermasalah sekarang jadi bagus banget top poll,2025-05-16T07:43:41.840Z,0,Positif,10,64
Gopay,Husni Alfarisi,1,gajelas otp di tolak mulu,2025-05-16T07:42:23.503Z,0,Negatif,5,25
Gopay,Rizal Af,5,baik,2025-05-16T07:34:57.451Z,0,Positif,1,4
Gopay,Apri Setiawan,5,keren,2025-05-16T07:33:15.777Z,0,Positif,1,5
Gopay,Fatimah Azzahra,5,"Setiap malam saldo masuk jam 10 malem, aku jadi bisa ngatur pengeluaran usaha lebih jelas tiap harinya",2025-05-16T07:33:04.609Z,0,Positif,17,102
Gopay,Adi,5,gopay asik,2025-05-16T07:31:48.632Z,0,Positif,2,10
Gopay,Afif Alamsyah,5,bagus,2025-05-16T07:28:35.997Z,0,Positif,1,5
Gopay,Havid Alamudi,1,pemindahan ke gopay tabungan bermasalah belum berhasil,2025-05-16T07:24:16.250Z,0,Negatif,7,54
Gopay,Desfita Nuril azizah,5,memudahkan pembayaran pemesanan,2025-05-16T07:17:13.517Z,0,Positif,3,31
Gopay,Achmad Flkrl,3,tolong Untuk Pemula Di kasih Koin Bukan Cuman Rp 1 Kalau Bisa Rp 1000.000 . 0ke,2025-05-16T07:16:48.821Z,0,Netral,16,79
Gopay,Yoke Namsa,4,ğŸ‘,2025-05-16T07:11:41.672Z,0,Positif,1,1
Gopay,mya dwisri,3,"Di update ko malah jadi lemot login nya? ini gimana tolong dong tiap mau transaksi mentok di logo GO-PAY hrs uninstall dlu trus install lagi biar ga buggg, tolong dong diperbaiki kesel banget ini jdinya",2025-05-16T07:11:15.582Z,2,Netral,35,202
Gopay,Fajar Pangestu,1,"Halo pihak developer gopay yang terhormat, akun gopay saya mengalami aktivitas tidak wajar tolong bantu secepatnya agar akun gopay saya kembali normal terima kasih",2025-05-16T07:06:05.185Z,0,Negatif,24,163
Gopay,Revan Syah,5,transfer yang mudah dipakai tanpa biayanya admin,2025-05-16T07:02:09.641Z,0,Positif,7,48
Gopay,Ari Hasan,5,sangat membantu...,2025-05-16T06:56:05.206Z,0,Positif,2,18
Gopay,One Heart,5,membantu bertransaksi,2025-05-16T06:54:36.512Z,0,Positif,2,21
Gopay,R Firman Nugroho uls,1,"sudah bayar angsuran, masih muncul aja tagihan nya, sudah lapor, di oper oper dan tidak mau kasi harus lapor kemana dan tidak mau memberikan kontak nya",2025-05-16T06:53:49.463Z,0,Negatif,26,151
Gopay,Renggha Zee,5,apk bagus,2025-05-16T06:53:41.428Z,0,Positif,2,9
Gopay,Dwi Ika21,5,okk,2025-05-16T06:47:28.598Z,0,Positif,1,3
Gopay,qSHROUDz,5,"banyakin lagi event nya buat maju, nyusul apk yg itu, betah bgt pake gopay, semoga lancarrrr terus:)",2025-05-16T06:41:10.786Z,0,Positif,17,100
Gopay,Awiwo Wowww,1,"aneh banget ini aplikasi.. sudah berhasil upgrade ke gopay plus 2 hari kemudian tiba-tiba berubah lagi ke gopay reguler, nyoba daftar lagi malah gagal.. emang e-wallet terjelek terampas terburuk",2025-05-16T06:40:03.222Z,0,Negatif,29,194
Gopay,Hanz Bot,5,ytta top up game 100 diamond cuma 1 perak,2025-05-16T06:39:30.474Z,0,Positif,9,41
Gopay,Abdul Karim,5,layanan yg bagus sekali,2025-05-16T06:39:25.226Z,0,Positif,4,23
Gopay,Sosen Bebok,5,oke,2025-05-16T06:37:32.260Z,0,Positif,1,3
Gopay,Findaa,5,Gopay ini sangat membantu karna jujur emang murah admin juga,2025-05-16T06:37:07.242Z,0,Positif,10,60
Gopay,Memed Famillystory,1,"sangat kecewa dengan pelayanan topup nya, sudah 24 jam topup nyangkut tidak masuk",2025-05-16T06:36:26.639Z,0,Negatif,13,81
Gopay,Vio Az,5,keren,2025-05-16T06:29:34.743Z,0,Positif,1,5
Gopay,Michael Anis,5,ok,2025-05-16T06:29:00.139Z,0,Positif,1,2
Gopay,ALEXANDER AMBON,5,paylater sangat membantu..,2025-05-16T06:28:04.132Z,0,Positif,3,26
Gopay,Cherry Hendrawan,5,Mantap,2025-05-16T06:27:37.313Z,0,Positif,1,6
Gopay,Mr.Prosco,1,"mau transfer gopay ke orang lain aja eror dan apa penyelesaiannya? cuma di kasih tulisan bahkan saya sudah melakukan semua perintahnya ,update gopay plus + cek internet sampe udah beli kuota lagi + limit jngn 40 juta padahal saya cuma transfer 830 ribu, saya lagi dikejar pembayaran harus transfer kalo gini gini dan cuma bisa lewat gopay karena gak ada ATM , kalo gini gini Mulu mending gak usah di iklankan aplikasinya , udah kebanyakan iklan dipakek erorğŸ˜’",2025-05-16T06:23:55.865Z,0,Negatif,78,458
Gopay,dirwan syah,5,sangat membantu,2025-05-16T06:20:07.283Z,0,Positif,2,15
Gopay,Putra Manggala,5,sangat bagus aplikasi pinjaman ini dengan tenor yang lumayan cukup saya sudah melakukan pelunasan.. mohon data data saya d hpus trimakasih ğŸ™ğŸ˜Š,2025-05-16T06:13:15.407Z,0,Positif,22,141
Gopay,marsyaanaziara,5,bagus,2025-05-16T06:05:26.889Z,0,Positif,1,5
Gopay,Adhy Prananda,4,bagus bisa buapt top op,2025-05-16T06:05:13.541Z,0,Positif,5,23
Gopay,Meryc Styya,5,"Merchant memungkinkan merchant menerima berbagai metode pembayaran digital dengan mudah, seperti QRIS, dan memberikan kemudahan dalam proses transaksi dan pencairan dana.",2025-05-16T05:59:02.430Z,0,Positif,21,170
Gopay,Kusairi Rosyadi,5,"oke utk awalnya, saya akan coba selanjutnya",2025-05-16T05:54:54.620Z,0,Positif,7,43
Gopay,zacky alvareza,2,"Banyak komentar yang minus,hilang saldo lah inilah itulah,jadi takut mau top up, ngeri nih, apa uninstall aja gitu",2025-05-16T05:54:18.171Z,0,Negatif,18,114
Gopay,Nurul Yusuf,5,Mantap banyak diskon,2025-05-16T05:49:07.971Z,0,Positif,3,20
Gopay,Rwien Himawan,5,sangat membantu aplikasi gopay ini utk transaksi keuangan,2025-05-16T05:47:52.735Z,0,Positif,8,57
Gopay,Adek Reygar,5,aplikasinya bagus,2025-05-16T05:46:08.206Z,0,Positif,2,17
Gopay,Senju SÃ¡n,1,"Apk gak guna, pembodohan!!!",2025-05-16T05:45:10.816Z,0,Negatif,4,27
Gopay,Sam Idi,4,mantap sangat membantu,2025-05-16T05:44:57.657Z,0,Positif,3,22
Gopay,Indri Kurniawati,5,"Sering banget update, tapi updatenya bagus sih buat dipake dengan fitur terbaru yg mempermudah pengguna kaya gue",2025-05-16T05:38:53.646Z,0,Positif,17,112
Gopay,Achmad Irwansyah,5,mantul..sangat membantu.,2025-05-16T05:36:31.486Z,0,Positif,2,24
Gopay,Sahida Hasan,4,Sangat membantu ğŸ‘,2025-05-16T05:31:43.717Z,0,Positif,3,17
Gopay,Rafka Muhamat,1,saldo saya hilang 30k ga tau kemana emang pantk nih aplikasi,2025-05-16T05:29:51.587Z,0,Negatif,11,60
Gopay,Tarlanm15.,1,gopay tidak aman. akun saya kena bajak. udah komplainmalaj di persulit,2025-05-16T05:27:42.660Z,0,Negatif,11,70
Gopay,Op. IT UNMUH BARRU,5,puas,2025-05-16T05:22:32.228Z,0,Positif,1,4
Gopay,Fitra Aini,5,aplikasi ini memudahkan saya dalam mengirim uang secara digital saya jd lbeh leluasa dalam membayar secara online,2025-05-16T05:21:46.400Z,0,Positif,17,113
Gopay,Andini Syarief,5,"beneran enak sih pake gopay, transfer gratis, mudah banget buat dipake anti ribet",2025-05-16T05:17:40.159Z,0,Positif,13,81
Gopay,Koin Rendi Perdian,1,"gopay sekarang error mulu, topup gada yg masuk pdhl sudah ada transaksi masuk",2025-05-16T05:14:18.985Z,0,Negatif,13,77
Gopay,hanggar dini,5,"pertama kalinya pake gopay. sejauh ini udah suka banget, mempermudah pembayaran. gak lelet dan aman dari human error. solusi aman dari pencopet hehehe",2025-05-16T05:11:33.664Z,0,Positif,23,150
Gopay,Mohammad Ridwan,5,kasih tau lihat,2025-05-16T05:10:35.154Z,0,Positif,3,15
Gopay,Maret 04,5,ğŸ‘,2025-05-16T05:09:49.126Z,0,Positif,1,1
Gopay,Karmila Juaeha,4,aku kasih bintang 4 dulu ya,2025-05-16T05:04:55.722Z,0,Positif,6,27
Gopay,Slamet Prayogo,5,bagus,2025-05-16T05:04:01.601Z,0,Positif,1,5
Gopay,Miky Grab,1,"saya tiap bulan TF ke BCA ibu saya tiba2 ada nomer gopay ibu saya yg sudah tidak aktif nomer ya tiba2 masuk tanpa saya tambah kan di kontak, trus saya jadi salah TF ke nomer gopay yang nomer ya sudah tidak aktif lagi, parah sih saya kirim k email mereka tidak ada jalan keluarnya selain saya mengikhlaskan uang ya tolong lain kali klo ada nomer gopay yang terkonek jangan tiba2 masuk d kontak tiba2, saya mengalami kerugian",2025-05-16T05:03:49.790Z,0,Negatif,77,423
Gopay,AEF SUNARYA AS,5,sangat membantu,2025-05-16T04:57:43.972Z,0,Positif,2,15
Gopay,Ris Wandi,3,ini kenapa tidak bisa transfer ke bank maupun ke Ewallet lainnya. tolong dong,2025-05-16T04:57:23.716Z,0,Netral,13,77
Gopay,fhanie p!lek07,5,"suka waswas kalo soal aplikasi, apalagi tertaut ke dompet digital. tapi semenjak kenal aplikasi gopay, privasi kita aman pake banget dong, karena dilengkapin dengan verifikasi nomor ğŸ¥³",2025-05-16T04:54:24.971Z,0,Positif,27,183
Gopay,Budi Santoso,5,mempermudah sekali,2025-05-16T04:53:36.245Z,0,Positif,2,18
Gopay,Abdul Azid,5,selain aplikasinya yang enteng juga ga makan banyak batrai keren pokoknya,2025-05-16T04:51:11.958Z,0,Positif,11,73
Gopay,Jeslyn Kimberly,5,bagusss luv u gopay,2025-05-16T04:49:27.199Z,0,Positif,4,19
Gopay,Bundah Melaty,3,sangat.bagus,2025-05-16T04:44:16.719Z,0,Netral,1,12
Gopay,Setiyawan Aries,5,josss mantab terimakasih,2025-05-16T04:41:35.762Z,0,Positif,3,24
Gopay,erwin ramiro,5,gopay sangat mudah digunakan,2025-05-16T04:41:19.580Z,0,Positif,4,28
Gopay,Dr Man,4,mantap,2025-05-16T04:40:25.652Z,0,Positif,1,6
Gopay,Totong Blotong,5,keren banget aplikasinya ga makan banyak batrrey paling cuma 3% an lah ya enteng buat tipe smartphone yabg minim momory,2025-05-16T04:35:04.124Z,0,Positif,20,119
Gopay,Satria Firmansyah,1,jelek tidak bisa login selalu ada notif butuh pembaruan padahal sudah versi terbaru,2025-05-16T04:33:59.191Z,0,Negatif,13,83
Gopay,Budi Setiawan,5,nice,2025-05-16T04:30:44.339Z,0,Positif,1,4
Gopay,Aji Kristanto,5,makasih dah merespon keluhan bug cashback,2025-05-16T04:22:41.203Z,0,Positif,6,41
Gopay,Ruminah Rum,5,"yang disuka dari gopay yaitu keamanannya bagus, privasinya terjaga dan jelas.",2025-05-16T04:11:39.400Z,0,Positif,11,77
Gopay,zikri hadia,1,pelayanan kurang,2025-05-16T04:10:11.866Z,0,Negatif,2,16
Gopay,Pakde Iwan,5,"ga salah aku milih gopay, sip dah pokoknya",2025-05-16T04:09:54.782Z,0,Positif,8,42
Gopay,Arkan Ridho,5,Download-nya cepet dan nggak makan banyak data pas banget buat yang irit kuota.,2025-05-16T04:06:20.922Z,0,Positif,13,79
Gopay,Gighi Andhini,5,"Kerjaan saya sering pindah-pindah device, jadi penting banget aplikasi yang akunnya bisa sinkron. Dan ini bener-bener memudahkan soalnya data bisa di akses. Gopay emg keren.",2025-05-16T04:03:55.139Z,0,Positif,25,173
Gopay,Fitria Ningsih,5,"Tabungan. Urusan transfer dan bayar jadi simple dan stabil karena bebas transfer dan bayar ke bank mana pun,",2025-05-16T04:01:09.910Z,0,Positif,18,108
Gopay,Nanda Yulian,1,buruk pelayanan nya no hp yg hilang tidak bisa login padahal sudah pakai KTP yg jelas,2025-05-16T04:00:44.601Z,0,Negatif,16,85
Gopay,Pom Idik,5,keren dan mudah digunakan,2025-05-16T03:54:56.980Z,0,Positif,4,25
Gopay,Nur Himid,5,mantap luar biasa apk nya,2025-05-16T03:49:45.846Z,0,Positif,5,25
Gopay,Nizar Kekey,1,"Tolong Dong kenapa Saya Gak Bisa login di akun gopay saya, alasan Nya apk Minta di perbarui tapi cara perbarui nya Dmna. Udah di coba Buka Play stor Gak Ada Tulisan Update nya",2025-05-16T03:40:58.131Z,0,Negatif,33,175
Gopay,Nabila Aulia Predisa,1,"Gak bagus, saya mau hapus akun saya kode OTP tidak ada masuk sampai saya ulang 5x pun tidak ada masuk padahal saya mau hapus akun untuk buat akun baru karena sudah ganti nomor telepon",2025-05-16T03:40:14.856Z,0,Negatif,34,183
Gopay,Denny Danial,3,Kenapa ya setelah saya update gopay saldo saya jd hilang & transferan saya ke gopay yg sudah tidak aktip jg bisa sukses,2025-05-16T03:38:33.673Z,0,Netral,22,119
Gopay,Neng Mira Atjo,1,jd malas make gopay..paylater diblokir pdhal ga pernah nunggak..cek lg mana pelanggan setia mana yg ngga,2025-05-16T03:37:48.380Z,0,Negatif,16,104
Gopay,apr putra,5,Tolong apk ini saya sangat membutuhkan,2025-05-16T03:35:10.874Z,0,Positif,6,38
Gopay,biru tanpamu,5,bagus,2025-05-16T03:34:39.117Z,0,Positif,1,5
Gopay,Asmania Roudhotul,5,"Aplikasi update GoPay Resmi Diluncurkan Nasional, Perluas Jangkauan Ke Seluruh Lapisan Masyarakat",2025-05-16T03:33:52.232Z,0,Positif,12,97
Gopay,Dony Daru,5,nyaman pakai gopay permasalahan teratasi. dizaman sekarang perlu ni aplikasi yang memudahkan kita . ini sih aplikasi andalanku,2025-05-16T03:28:28.483Z,0,Positif,18,126
Gopay,Lunar girl,1,udah diinstall juga iklannya terus terusan aja muncul,2025-05-16T03:24:13.827Z,0,Negatif,8,53
Gopay,Hasan Nudin,5,bagus,2025-05-16T03:23:20.329Z,0,Positif,1,5
Gopay,Ronald fadilah,5,apk bagus dan sangat membantu,2025-05-16T03:18:03.936Z,0,Positif,5,29
Gopay,Uni Mayasari Tingai,5,bagus,2025-05-16T03:09:14.998Z,0,Positif,1,5
Gopay,puji Hastuti,5,mudah murah,2025-05-16T03:08:34.814Z,0,Positif,2,11
Gopay,Kang Khan,5,Paling suka sama fitur akun nya kalo mau edit info pribadi atau ganti sandi simple terus ada fitur paylaternya juga ga worry lagi kalo lgi butuh dana,2025-05-16T03:04:41.234Z,0,Positif,27,149
Gopay,Khairul Amna,5,mantap,2025-05-16T03:01:45.845Z,0,Positif,1,6
Gopay,INF G,1,"promo yg free top up itu gmna sih min? di app free admin tapi pas bayar di virtual account nominalnya beda, fee admin masih bayar",2025-05-16T02:58:03.276Z,0,Negatif,25,129
Gopay,Pemilik Unit,5,sangat berguna,2025-05-16T02:52:19.265Z,0,Positif,2,14
Gopay,Salam Maulana,5,pelayanan sangat mantapğŸ‘,2025-05-16T02:50:19.114Z,0,Positif,3,24
Gopay,Putriie,5,gacor y,2025-05-16T02:46:10.781Z,0,Positif,2,7
Gopay,Ibo Ali,5,bagus,2025-05-16T02:41:10.908Z,0,Positif,1,5
Gopay,Saiful Qatadah,5,keren...,2025-05-16T02:40:31.346Z,0,Positif,1,8
Gopay,I'm Romeo,1,topup saya aja gak msuk smpe skrg.. hubungi pusat bantua yang balas malah bot .. hadeh... mana saldo kepotonng lagi... mnding pake apk DANA,2025-05-16T02:39:55.899Z,0,Negatif,24,139
Gopay,Willy Lussy,5,sangat baik,2025-05-16T02:37:50.483Z,0,Positif,2,11
Gopay,Agus Setiawan,1,"min ini saya susah sekali ngehubungin call service nya ga kaya awal awal muncul ke playstore update sekarang malah bikin user using kalo buat pengaduan saldo berkurang tapi transaksi gagal alhasil saya beli quota axis pembayaran lewat qris gopay itu 2x gagal saldo ga balik 22 nya saya beli 50 rb kalo 2x transaksi jadi 100 rb grgr saldo ga balik quota ga masuk kartu saya jadi masuk masa tenggang dan kuota rollever saya angus ga karuan , miris kuota ber gb gb ilang. dan sekarang saya beli quota lg",2025-05-16T02:36:53.981Z,0,Negatif,90,500
Gopay,arin arinretmawati,5,"Gue sangat hari hati dalam memilih dompet digital karena gue akan sangat menggunakan itu, dan gopay nih kece gue yakin deh bakal aman karena setiap masuk harus ada vervikasi ke nomor. Jadi ga sembarang orang bisa pake ğŸ¤™",2025-05-16T02:36:43.397Z,0,Positif,38,219
Gopay,Holifatus Sakdiyah,5,Pembaruan aplikasi bikin akun makin aman. Sukak bngt,2025-05-16T02:32:21.116Z,0,Positif,8,52
Gopay,Alika zianfira,5,"nggak pernah banget uninstall aplikasi ini, selalu lancar tiap dipakai",2025-05-16T02:25:39.387Z,0,Positif,10,70
Gopay,RISKY SUPRIANTO,5,praktis dan amanğŸ‘ aku nyaman pakai gopay,2025-05-16T02:16:30.634Z,0,Positif,7,40
Gopay,cyaa,5,"sejauh ini selama pake gopay ga pernah kecewa, apk nya lancar trs ga pernah ngelag meskipun memo ku udh penuh ğŸ˜­ğŸ˜­",2025-05-16T02:15:03.591Z,0,Positif,21,112
Gopay,ibnu Mobile62,1,gopay ini sangat menjijikkan dan tidak berguna,2025-05-16T02:07:23.434Z,0,Negatif,7,46
Gopay,Silvana Surtina,5,amplikasi gopai terpercaya,2025-05-16T02:06:16.596Z,0,Positif,3,26
Gopay,Idhamm Maulana,3,nyesel.gw update malah ga masuk top up jadi busuk gini gopay bintang 3 aja dlu,2025-05-16T02:05:35.162Z,0,Netral,15,78
Gopay,Fiandrisa Adriana,5,bikin semua urusan jadi mudah dan murah,2025-05-16T02:04:24.780Z,0,Positif,7,39
Gopay,Risky Rundiawan,5,bagus banget semua pembayaran jadi mudah,2025-05-16T02:00:13.771Z,0,Positif,6,40
Gopay,mis riyah,2,hati2 dgn gopay pinjam baru telat 2 hari dah di bikin malu,2025-05-16T01:52:58.561Z,0,Negatif,12,58
Gopay,Reyha Zelensky,1,"masukan ke tabungan tanpa izin, scan barcode susah, jadi sampa gogle play apk ini, apk babi, kita isi paket bisa ke no org lain, klu TDK bisa menjadikan apk lebih baik tolong jgn punya apk",2025-05-16T01:52:09.767Z,0,Negatif,35,188
Gopay,Zidni Maulana,1,Terkendala di login muka,2025-05-16T01:51:49.641Z,0,Negatif,4,24
Gopay,Keysa Amanda Milaika,1,privasi tidak terjaga sama sekali,2025-05-16T01:44:28.439Z,0,Negatif,5,33
Gopay,G. Wah,1,saya mau tutup gopay tabungan tapi email saya tidak di bales,2025-05-16T01:39:35.817Z,0,Negatif,11,60
Gopay,Setyo Budi,5,"bagus, proses cepat",2025-05-16T01:39:32.176Z,0,Positif,3,19
Gopay,Triyono Marni,5,good job buat gopay sangat membantu,2025-05-16T01:37:50.896Z,0,Positif,6,35
Gopay,Salwiani,5,enak aplikasinya,2025-05-16T01:33:12.237Z,0,Positif,2,16
Gopay,Komandan Kompi,5,murah murah bnget,2025-05-16T01:32:24.722Z,0,Positif,3,17
Gopay,Armaylies Saragih,5,"Aplikasinya loading gak pake acara lola, apalagi nge-lag, gak ada kamusnya. semua serba lancar jaya.. respect dengan aplikasi ini..ğŸ‘ğŸ‘",2025-05-16T01:24:51.570Z,0,Positif,19,133
Gopay,Noval Albagir ipaenin,5,Enak banget bisa bayar jajan di pinggir jalan pakai GoPay.GoPay Points-nya bisa dipakai potong belanja,2025-05-16T01:22:53.154Z,0,Positif,15,102
Gopay,Sinten Mireng,5,sangat bagus baru cobak bikin akun Terima kasih.,2025-05-16T01:21:31.966Z,0,Positif,8,48
Gopay,I Meydi,5,mantab,2025-05-16T01:20:48.265Z,0,Positif,1,6
Gopay,Ahyar Raja,5,sangat bagus untuk aplikasi ini,2025-05-16T01:15:48.867Z,0,Positif,5,31
Gopay,Ady Kmp,5,ok...mantabbb..ğŸ‘ğŸ‘ğŸ‘,2025-05-16T01:09:20.154Z,0,Positif,1,18
Gopay,Abdy Fauzan,1,"gopay skrg mangkin susah untuk login padahal nomer yg terdaftar aktif cuma kendala lupa pin aja di buat ribet jual aja aplikasi Goto tidak sama sekali berbobot hanya mempersulit masuk nya akun segera di benahi kalo tidak mau kehilangan customer yg memakai aplikasi gopay,, sangat kecewa saya gopay sekarang tidak berbobot di akun saya masih ada saldo nya jika memang di persulit untuk masuk itu saldo saya buat uang sholawat untuk para karyawan gopay ya hitung2 amal buat di akhirat nanti,,",2025-05-16T01:04:01.171Z,0,Negatif,81,490
Gopay,Riyan Putra,5,knpa saya login keluar sendiri,2025-05-16T01:02:58.200Z,0,Positif,5,30
Gopay,Dewi Ero wati,1,"jangan simpan uang di aplikasi ini, berkali-kali kali mau transfer uang tetap aja gak bisa, di tolak terus",2025-05-16T01:02:32.583Z,0,Negatif,18,106
Gopay,Hendri Apriyantoada,5,ok transfer lebih cepat,2025-05-16T00:57:08.101Z,0,Positif,4,23
Gopay,Azaka,5,bagus,2025-05-16T00:50:57.975Z,0,Positif,1,5
Gopay,Budi Anto,4,lumayan bagus,2025-05-16T00:48:17.118Z,0,Positif,2,13
Gopay,Su Parti,5,semogga membantu,2025-05-16T00:40:29.896Z,0,Positif,2,16
Gopay,Bunyani Ubun,4,bagus memuadkan,2025-05-16T00:33:04.210Z,0,Positif,2,15
Gopay,Putri Firadaus,5,terimakasih gopay sangat membantu,2025-05-16T00:31:39.855Z,0,Positif,4,33
Gopay,Nofal usman,5,aplikasih yang bisa membatu,2025-05-16T00:28:18.590Z,0,Positif,4,27
Gopay,Ahmad Alwi,2,"Saya sebelumnya pernah mencoba meminjam, Setelah Saya Pinjam dan saya lunasin berapa hari kemudian, namun limit tersedia tidak naik,, dan juga saya pernah hapus akun di hp 1, trus bikin akun baru di hp lainnya, sudah tidak bisa lagi untuk aktifkan gopay pinjam... mohon bantuannya..",2025-05-16T00:26:45.874Z,0,Negatif,45,282
Gopay,Blues Males,5,Good,2025-05-16T00:23:07.908Z,0,Positif,1,4
Gopay,isnaidi Thanjung,5,"bagus, cepat dan lancar",2025-05-16T00:19:50.221Z,0,Positif,4,23
Gopay,Maya Sari,5,buuuu,2025-05-16T00:15:53.526Z,0,Positif,1,5
Gopay,Ovie Vie,5,Sangat membantu,2025-05-16T00:13:19.735Z,0,Positif,2,15
Gopay,Abrha Pagora,5,mantap sanagat membantu,2025-05-16T00:11:42.608Z,0,Positif,3,23
Gopay,Rahli Rahmada,3,"katanya pulsa murah, tapi sama aja kayak apl e wallet laennya, teknik marketing di kuraingi yah",2025-05-15T23:57:57.526Z,0,Netral,16,95
Gopay,Fadlan Fadlan,1,eror trus banyak bug,2025-05-15T23:57:48.960Z,0,Negatif,4,20
Gopay,GRIB JAYA HERCULES,5,very good,2025-05-15T23:56:53.537Z,0,Positif,2,9
Gopay,Herman Sopandi,5,keren,2025-05-15T23:48:13.671Z,0,Positif,1,5
Gopay,Dian Nurdian,5,"Transaksi sangat mudah, fitur fitur aplikasi mudah difahami",2025-05-15T23:40:21.800Z,0,Positif,8,59
Gopay,SPAREPART MGI,1,iklan sangat mengganggu,2025-05-15T23:39:04.663Z,0,Negatif,3,23
Gopay,Iqbal Dickyss,2,"sistem verifikasi muka gagal terus,udah coba di hp lain juga masih gagal,di email ga ada kejelasan,gabisa di klik bantuan. heran saya",2025-05-15T23:33:33.408Z,0,Negatif,21,133
Gopay,Hamam Nasirudin,1,"karena ganti nomor harus daftar gopaylater lagi dan selalu gagal, tidak jelas dan ngaco",2025-05-15T23:25:57.711Z,0,Negatif,14,87
Gopay,Muhammad Muh,5,mantap,2025-05-15T23:10:54.692Z,0,Positif,1,6
Gopay,Della Anugrah Segonang,1,"Isi token listrik dr smlm nomor voucher token blom muncul2, Al hasil isi ulang ke aplikasi lain",2025-05-15T23:07:55.960Z,0,Negatif,17,95
Gopay,Fahry sigmaboy,5,"aplikasinya bagus sekali, cuma kalau mau ambil uang di apk gratis gak bisa tolong tambahin fitur nya tanpa KTP soalnya aku masih di bawah umur",2025-05-15T23:07:49.570Z,0,Positif,25,142
Gopay,Edi Hermawan,5,mantap siiiiiiip,2025-05-15T23:07:06.398Z,0,Positif,2,16
Gopay,Hany Handayani,5,saya mendapatkan coins yang sangat banyak dan saya bangga,2025-05-15T22:55:48.790Z,0,Positif,9,57
Gopay,Andara Arbi,5,lebih mudah dalam bertransaksi,2025-05-15T22:54:36.900Z,0,Positif,4,30
Gopay,Reni Widati,5,aplikasi bagus dan mantapğŸ‘,2025-05-15T22:53:33.317Z,0,Positif,4,26
Gopay,Hamzah Kude,5,luar biasa proses cepat tanpa ribet,2025-05-15T22:50:17.624Z,0,Positif,6,35
Gopay,riko 123,5,nih gua kasih bintang 5 tapi tolong perbaiki sistem transaksi antara ERVAN sama Cheryl Angelina Manullang soalnya dia transfer sebesar 95 ribu ke saya tapi belum masuk yang pertama akhirnya dia transfer lagi yang ke 2 jadi rugi 95 ribu tolong banget saya ga mau di sangka korupsi GOPAY atau gopay nya yang korupsi ini ğŸ™ğŸ»ğŸ™ğŸ»,2025-05-15T22:38:02.870Z,0,Positif,56,322
Gopay,Ghazi Muharza,5,manptap baru juga daftar udah dapet bonus menarik dan ada misi yg bisa menghasilkan cuan,2025-05-15T22:32:19.505Z,0,Positif,15,88
Gopay,zara putri kiranaa,5,BAGUSSSSS BGTTTT IHHH SUKAAA,2025-05-15T22:32:04.957Z,0,Positif,4,28
Gopay,Sofyan Ritonga,5,sangat bagus banget,2025-05-15T22:31:54.390Z,0,Positif,3,19
Gopay,hairudin 123,3,terlalu ribet dan sulit update data diri,2025-05-15T22:30:34.300Z,0,Netral,7,40
Gopay,Hernanda Tw nda Tw,4,lebih gampang gk repot seperti tetangga sebelah.. senang bgt aku.. tks GoPayğŸ’‹,2025-05-15T22:25:45.762Z,0,Positif,12,77
Gopay,dia Luthfi4_93,5,menyenangkan menggunakan Gopay.,2025-05-15T22:15:02.381Z,0,Positif,3,31
Gopay,Mujib mubarok,1,saya mengirim uang tetapi tidak masuk,2025-05-15T22:11:22.666Z,0,Negatif,6,37
Gopay,Azadi indra negara,5,tolong gopaylater dan gopay pinjamanya di acept boskuu,2025-05-15T22:02:30.675Z,0,Positif,8,54
Gopay,Bahtiar Tiar,5,Good,2025-05-15T21:59:57.995Z,0,Positif,1,4
Gopay,Hira maihira,5,bagus,2025-05-15T21:43:52.935Z,0,Positif,1,5
Gopay,Rudi Royaldi,5,"bos oooii ... kenapa gopay saya ssh masuk nya,knp bs gitu bos",2025-05-15T21:32:33.170Z,0,Positif,12,61
Gopay,Yoris Sunanda,1,"tolong min saya mengajukan pinjaman di sp pinjam tpi duitnya gak masuk dan tidak keterangan msh di proses atau gagal dan limite saya sudah dipotong, tolong min",2025-05-15T21:20:11.945Z,0,Negatif,27,159
Gopay,Angga Saputra,5,gopay emang sangant membantu jadi ewalet terbaik lah pokok nya,2025-05-15T21:18:24.889Z,0,Positif,10,62
Gopay,Cira Irsa,5,sangat bagus,2025-05-15T21:07:14.105Z,0,Positif,2,12
Gopay,Ruslan Sanusi,5,maknyuss..gopay..jngn persulit setiap kebijakan nya ya ..,2025-05-15T20:50:27.525Z,0,Positif,7,57
Gopay,Arnaya Fislla,5,apk mantap ini,2025-05-15T20:39:59.969Z,0,Positif,3,14
Gopay,Putu Darmawan,5,mantapp aplikasi bagus bangetq,2025-05-15T20:03:46.537Z,0,Positif,4,30
Gopay,Kiki Galon,1,"kenapa saldoku dibayarin ke google play pass itu google akun yang hilang, kenapa masih dibayarğŸ˜‘ğŸ˜‘ tolol tolol",2025-05-15T19:48:20.461Z,0,Negatif,17,108
Gopay,Hafiz Alif Mahardika,1,GOPAY TIDAK BISA DIGUNAKAN DI GOFOOD & TIDAK BISA DITARIK. PAYAH,2025-05-15T19:41:20.886Z,0,Negatif,11,64
Gopay,Zulfan Effendi,5,mantaps,2025-05-15T19:32:32.500Z,0,Positif,1,7
Gopay,Rudias 14,1,gopay rusak makin sekarang ini parah bug nya itu woy diperbaiki masa saldo sudah masuk pas mau transfer malah saldo nya kosong gimana gopay kyak gini,2025-05-15T19:24:53.208Z,0,Negatif,26,149
Gopay,ihzan achmad,1,"kenapa apk GO-PAY akhir"" ini kurang menyenangkan.... saldo saya ada 184ribu...pas saya mau tf 80ribu saldo anda tidak cukup... kan aneh... mohon bantuan nya",2025-05-15T19:21:40.578Z,3,Negatif,24,156
Gopay,or bey,1,kurang baik layanan gopay saya kecewa aplikasi kurang pungsi,2025-05-15T19:17:36.529Z,0,Negatif,9,60
Gopay,Olen Seribu,5,baik,2025-05-15T19:13:09.660Z,0,Positif,1,4
Gopay,Nafila Email,5,aplikasi bagus selalu di butuhkan dalam.keadaan yang mendesak.,2025-05-15T18:56:44.970Z,0,Positif,8,62
Gopay,Jhonheri Heri,4,"Knpa saya kasih bintang 4 karena klw bertransaksi kirim atau terima ada biaya nya bukan gratis itu termasuk bikin kecewa,,mohon ditingkatkan pengaturan menagement,,Just saran,,aja*ğŸ™ğŸ˜‡ğŸ‘ğŸ’ªğŸ’ªğŸ’ª",2025-05-15T18:51:21.541Z,0,Positif,24,186
Gopay,Sopian Manurung,1,"Aplikasi terburuk soal transaksi, dimana saya lagi butuh transfer penting malah ada masalah alias rusak fitur-fitur entah apalah pokoknya, dan yang penting semua promo nya cuma gimmick, buat yang baca percaya saya deh daripada berharap banget sama dompet digital yang satu ini yang bikin kesel banget walau udah di update tetap saja ngeselin, saya sarankan mending kalo bertransaksi di aplikasi biru sebelah deh. semoga mengerti ğŸ™",2025-05-15T18:39:50.741Z,0,Negatif,66,430
Gopay,Yara Rara,4,terimakasih ğŸ™,2025-05-15T18:37:22.700Z,0,Positif,2,13
Gopay,Aprisen Pasulle,3,kira kira gangguannya kapan bisa di proses pengiriman menggunakan e wallet ya,2025-05-15T18:37:00.380Z,0,Netral,12,77
Gopay,razka gumilar,5,"keren,banyak bonus nya d gopay",2025-05-15T18:31:03.363Z,0,Positif,5,30
Ovo,Aysila Alamsah,1,Saya topup ovo 75000 kok tidak masuk ke ovo,2025-05-16T08:11:44.330Z,0,Negatif,9,43
Ovo,Gihar Terbaru,1,buruk sekali aplikasi ini!!,2025-05-16T08:11:31.501Z,0,Negatif,4,27
Ovo,Siti Hodijah,2,top up saldo gak masukÂ² lama harus nunggu berjamÂ²,2025-05-16T08:04:21.460Z,0,Negatif,9,49
Ovo,diyo Sanjaya,1,"nyesel pake ovo.. top up , saldo nya gk masuk2 uda 2 minggu.. apk gajelas. banyak tingkah. saran gausah pake ovo lah.. lapor urusannya ribet kali. banyak tingkah...",2025-05-16T07:55:45.501Z,0,Negatif,28,164
Ovo,afif audio miniatur,1,buruk respon lelet saat proses transfer ngadat,2025-05-16T07:12:39.532Z,0,Negatif,7,46
Ovo,Mass Ramdan,1,"otp g masuk""",2025-05-16T06:59:52.422Z,0,Negatif,3,12
Ovo,Bnayr Tsa,1,"kurang lengkap... upgrade ke premium terlalu berteletele, menghubungi cs pun susah harus lewat email, tidak bisa langsung di aplikasi. KECEWA",2025-05-16T06:26:51.701Z,0,Negatif,20,141
Ovo,Wulana Nabhe,1,niat nya top up malah dipotong 2000 males,2025-05-16T05:53:42.861Z,0,Negatif,8,41
Ovo,Syarif,1,mending pake e-wallet yg lain jgn pake ovo cacat segalanya,2025-05-16T05:48:57.468Z,0,Negatif,10,58
Ovo,nayla nayla,3,Konon milik Grab. Tapai KALAH jauh dengan GoPay milik GoJek,2025-05-16T05:43:23.774Z,0,Netral,10,59
Ovo,Grab Pujianto,1,buruk pelayanan,2025-05-16T05:41:09.346Z,0,Negatif,2,15
Ovo,M.Novriansyah Ali Km,5,baik,2025-05-16T05:26:47.257Z,0,Positif,1,4
Ovo,Denis Marselo,1,masa gw di tf lewat gopay kena potong 2k muluğŸ—¿ğŸ—¿,2025-05-16T05:12:35.470Z,0,Negatif,10,47
Ovo,Guos Agus,5,Sangat baik sampai sekarang...,2025-05-16T04:58:36.398Z,0,Positif,4,30
Ovo,Rhama Rhama,1,alfikasi tidak berguna sama âŒ gak usah donlod alfikasi ini ovo susah gak bisa pakai Whatsapp tolong di perbarui alfikasi ovo biar bisa kode OTP masuk di whatsapp???????????????????????????????????????????????????????????????????????????????????????????????????????????????????????????????????????????????????????????????????????????????????????????????????????????????????????????????????????????????????!?!?!?????????????????????????????????????????????????????????????????????????????????????????,2025-05-16T04:53:00.358Z,0,Negatif,28,498
Ovo,3di irawan,5,sangat membantu,2025-05-16T04:15:39.189Z,0,Positif,2,15
Ovo,Achmad Rizki Maulana_598,1,error pas daftar gabisa pencet nama,2025-05-16T04:13:05.975Z,0,Negatif,6,35
Ovo,djaenah supriyadi,3,ovo udah ketinggalan zaman.apk lain udah ada paylater.ovo ma bgtu2 aja dari dulu udah gt TF bayar.udah jadul ovo,2025-05-16T04:11:49.488Z,1,Netral,19,112
Ovo,Indra Indra,1,sangat buruk,2025-05-16T03:52:58.791Z,0,Negatif,2,12
Ovo,rio adytia,1,"najiisss top up ovo kena biaya seribu, pas uang masuk ke ovo di potong lagi 2rb di ovonya jadi total biayanya 3rb alhasil mau bayar tokped kurang, pas mau di balikin transfer ke bank kena biaya 2500 najis. mending gopay gak ada biaya. bye ovo apk gak guna mending uninstal",2025-05-16T03:30:02.552Z,0,Negatif,50,272
Ovo,Dwi Asmadi,1,buat transfer kog nggak bisa kenapa dari kemarin lo,2025-05-16T03:16:40.329Z,0,Negatif,9,51
Ovo,Alwy Ibra,5,bagus tapi untuk keamanan harus lebih di tingkatkan lagi sebab sekarang banyak banget modus penipuan online semoga di dengar,2025-05-16T03:14:45.411Z,0,Positif,19,124
Ovo,Just My hobby's,3,mending perbaikin jaringan dulu deh...mau daftar akun aj lama bener gk terkirim2 kode verifikasi,2025-05-16T03:06:48.240Z,0,Netral,14,96
Ovo,nurul hidayati,1,kenapa lamaaaaaa banget buat verifikasi identitas sampai sekarang ga bisaÂ². kenapa ga berbenah sih OVO astaga. muak bgt,2025-05-16T03:01:31.723Z,0,Negatif,18,119
Ovo,always Ling,5,"kenapa ovo enggak bisa ngirim kode otp di WA lagi. tolong dong, banyak orang yang uang nya nyangkut karena kartunya sudah hangus dan masuk lewat email ga bisa. tolong bos, buat otp ovo bisa masuk ke wa lagi",2025-05-16T02:03:48.701Z,0,Positif,38,206
Ovo,Dindi Maharga Rahman,5,uhuyy bangettt!!!!,2025-05-16T01:35:41.413Z,0,Positif,2,18
Ovo,Aliareza Aliareza,5,Bagus banget,2025-05-16T01:05:49.727Z,0,Positif,2,12
Ovo,Ade Kusyaman 0507,3,maaf saya kasih bintang 3 karena saya agak sedikit kecewa dengan aplikasi ini SDH berkali kali saya mendaftar kan ulang tetapi tetap bisa karena dengan alasan bahwa akun anda telah terblokir terus menerus...,2025-05-16T00:30:21.334Z,0,Netral,33,207
Ovo,Junaidi Jun,1,"Lebih banyak pembaharuan atau gangguan dari pada manfaatnya.,",2025-05-16T00:29:09.469Z,0,Negatif,8,61
Ovo,jalinakal 31,5,bagus,2025-05-16T00:26:55.469Z,0,Positif,1,5
Ovo,Sum1 1,4,ok,2025-05-16T00:16:28.909Z,0,Positif,1,2
Ovo,robby AR,1,gua tf sampek 3 hari gk masukk,2025-05-16T00:13:10.822Z,0,Negatif,7,30
Ovo,Roliyah,1,mau login salah aja pake KEBLOKIR segala... ribet,2025-05-15T23:49:21.649Z,0,Negatif,8,49
Ovo,Nabilla Aulia,1,"aplikasi payah(review berdasarkan pengalaman saya dan perilaku cs sesuai yg saya dapati) untuk mengatur ulang security code perlu input kode verifikasi yg dikirmkan ke email, sementara kode verifikasi tidak masuk2 meskipun telah dicoba berkali kali (diatas 10 kali) selain itu cs juga gak guna dan tidak sopan, ditengah-tengah pembicaraan langsung mematikan telepon dan tidak dapat memberikan solusi dari masalah yang ditanyakan, jawaban template benar-benar menyesal top up up dompet digital ini",2025-05-15T23:42:26.304Z,0,Negatif,71,496
Ovo,Lilis Apriatin,1,"jelek banget asli ini aplikasi lama lama. beli paket data dari tgl 13 gak berhasil terus sampe saat ini statusnya ""pembayaran diproses"" terus. sekarang udah tgl 16 hey. saldo gak di balikin, buka pusat bantuan pas di klik ""BLANK"". YANG BENER AJA HEY!!!",2025-05-15T23:35:13.381Z,0,Negatif,43,252
Ovo,Bram Tyio,5,bagus,2025-05-15T23:22:02.956Z,0,Positif,1,5
Ovo,Bram Putra Wijaya,1,"Saldo masuk BAYAR, transfer BAYAR, semua kena POTONGAN, gila ya aplikasi ini ... Ngk kayak Dana, Gopay, dana gopay ngk ada biaya potongan Top Up, kalaupun ada paling 500 perak, itu juga jarang, terus ada gratis Transfer juga ke Bank/ewallet lain ... OVO udah biaya transfer mahal, kena potong biaya top pula ... Gilaaaaaa",2025-05-15T23:00:13.231Z,0,Negatif,54,321
Ovo,Dinda Ayu Safitri,1,sudah empat bulan tiba-tiba saldo saya hilang 50 rb dipotong google! padahal saya tidak langganan apapun!!!,2025-05-15T22:59:10.302Z,0,Negatif,16,107
Ovo,Kota Bangun,5,saya tidak bisa masuk akun ovo saya,2025-05-15T22:44:31.917Z,0,Positif,7,35
Ovo,Dani Ardian,5,oke,2025-05-15T22:32:18.466Z,0,Positif,1,3
Ovo,Andri Dolok Saribu,5,oke,2025-05-15T21:40:54.986Z,0,Positif,1,3
Ovo,mega puspita,1,Aplikasi sampah.. balikin duit saya 632000 duitnya dikemanain parah banget nyeselnya pakai ovo udah urgent banget malah dana ga masuk...,2025-05-15T20:40:27.114Z,2,Negatif,20,136
Ovo,baidi ahmadillah,1,"ribet setiap mau di pake update terus udah di kasih * ttep saja, emang gak layak pakai sepertinya",2025-05-15T19:55:32.212Z,0,Negatif,18,97
Ovo,Dessy Capriana,2,"astaga , aplikasi ovo ini kenapa ya ? saya beli paket internet , pembayaran nya melalui OVO , tp paket internetnya ga bisa gagal, di aplikasi ovonya berhasil dan saldo telah terpotong kasih kejelasan woyy",2025-05-15T19:53:31.690Z,0,Negatif,35,204
Ovo,Sambal Rampai,1,ribet tiap hari update.........,2025-05-15T19:52:54.220Z,0,Negatif,4,31
Ovo,Agung Jaya,5,aplikasi anj admin ngirim ke apk ini 1000. Trus kalau ngirim top up ke E-wallet lainnya admin 2.500!!!! anj pokoknya isinya sedekah admin doang apk nggk guna. Bagus Apk biru & oren transaksi free! Yang mau download pikir2 dulu deh. Mending pke Apk lain ğŸ‘,2025-05-15T19:20:30.410Z,0,Positif,45,254
Ovo,muhamat taufik,1,"tolong segera di perbaiki lagi untuk transferan min,transferan saya sampai saat ini masih pending",2025-05-15T19:19:02.445Z,0,Negatif,14,97
Ovo,Nasrun Baji,1,bagaimana cara mengatasi akun saya di blokir,2025-05-15T19:09:24.981Z,0,Negatif,7,44
Ovo,Dinta Tika dandi,2,gua kna tipu sama ini apk masa iya nomor lama sama no baru udah di nganti tapi udah masukin imail tapi di persulit kan gila bukan sih,2025-05-15T18:35:49.615Z,0,Negatif,27,133
Ovo,Wawan Cell,1,sangat di sayangkan jika lupa nomor telepon tidak bisa di ganti coba ada fitur id ktp bisa di pindah,2025-05-15T18:13:07.617Z,0,Negatif,19,100
Ovo,nanang sunarya,2,paylater biaya adminya kemahalan,2025-05-15T18:06:32.469Z,0,Negatif,4,32
Ovo,Maria Gloria,5,sngat mntp,2025-05-15T18:03:22.918Z,0,Positif,2,10
Ovo,Ezer Tambunan,1,kok gak bisa di ovonya,2025-05-15T18:02:20.296Z,0,Negatif,5,22
Ovo,Amo Chan,1,"Gw Kan Udah Pernah Daftar OVO,Kenapa Jadi Daftar Ulang Lagi Woiiii....Trus Saldo Gw Gimana Itu",2025-05-15T17:37:03.933Z,0,Negatif,15,94
Ovo,Hari Ari,3,gangguan terlalu lama,2025-05-15T17:24:25.203Z,0,Netral,3,21
Ovo,Dadan Hamdani,1,Ribettttt asli ga kaya yg sebelah.,2025-05-15T17:05:05.710Z,0,Negatif,6,34
Ovo,Edan L,3,"minim fitur, tidak bisa transfer ke e walet lain,sedangkan ewalet lain bisa transfer kelain e walet. potongan transfer juga mahal.",2025-05-15T16:51:38.676Z,0,Netral,20,130
Ovo,Anisa PujiAstuti,1,kenapa gak bisa digunakan sama sekali...ke admin juga susah,2025-05-15T16:40:09.866Z,0,Negatif,9,59
Ovo,Marajaludin,1,"gak jadi saya kasi bintang lima soalnya terlalu ribet tiap mau transfer pasti bilang tutup lah awas curiga lah hmmmm awalnya saja suka lama lama klok gini terus jadi gak asyik, saya kasi satu bintang saja dulu",2025-05-15T16:39:30.166Z,0,Negatif,37,209
Ovo,Topur Farizi,1,aplikasi sampah,2025-05-15T16:28:01.699Z,0,Negatif,2,15
Ovo,Andrean Ramadhan,1,aplikasi sampah mau login aja susah nya minta ampun,2025-05-15T15:23:12.330Z,0,Negatif,9,51
Ovo,ARIZANDI CH,2,"transferan pending dana sudah terpotong di email, tidak ada respon bgemana tanggung jawabnya aduhhh profesionallah",2025-05-15T15:08:49.520Z,0,Negatif,15,114
Ovo,Mardwi Setiyawan,1,otp lewat wa ngga bisa,2025-05-15T14:54:26.983Z,0,Negatif,5,22
Ovo,Aang Rustiana,1,susah masuk,2025-05-15T14:27:14.420Z,0,Negatif,2,11
Ovo,Fajri Irwansyah22,1,Status pengiriman berhasil tetapi saldo tidak masuk tolong di perbaiki,2025-05-15T14:14:20.872Z,0,Negatif,10,70
Ovo,Riski Ummu syahdiah,1,"mau transfer ribet,, udah gitu potongan adminnya paling mahal dari ewallet yg lain",2025-05-15T13:54:32.194Z,0,Negatif,13,82
Ovo,Mhd Idrus,5,sangat membantu dalam keadaan mendesak,2025-05-15T13:43:06.617Z,0,Positif,5,38
Ovo,Cik Roman,5,sempurna bagus,2025-05-15T13:07:56.113Z,0,Positif,2,14
Ovo,Denjones â€œJonsbaretoâ€,1,saya tranver sangat sulit kali kali bisa potongan nya besar,2025-05-15T13:06:50.771Z,0,Negatif,10,59
Ovo,Lamsyaroh Aroh,4,oke,2025-05-15T12:49:17.922Z,0,Positif,1,3
Ovo,Rahyono Yono,1,"aplikasi gj saldo orang maen di ambil"" mulu",2025-05-15T12:47:24.480Z,0,Negatif,8,43
Ovo,Fitri Wazir Ahmad AZ,3,Saya tidak butuh upgrade ke premium yg Saya butuhkan uang saya bisa di transfer ke Bank rekening bank......... kenapa ovo aplikasi ovo tidak bisa transfer,2025-05-15T12:40:45.892Z,0,Netral,25,154
Ovo,Dedi Wiguna,1,"tutup aja apk kelen ini,masak gk bs masuk,",2025-05-15T11:55:19.321Z,0,Negatif,8,42
Ovo,Ulfah RahmaDani,1,"sumpahh looo ovo gajelasss bngt, gue tf ke ovo ga bisa masuk tu duitt karna belum terverifikasi superbank ovo nabung, abis itu gue mau ganti pin superbank gabisaa woiii sumpah harus nunggu trs 4jam udah 2x lama bngt. emng harus bngt ya verifikasi superbank? ribet bangetğŸ‘",2025-05-15T11:50:15.629Z,0,Negatif,46,271
Ovo,Reda Rukmana,1,banyak potongan nya,2025-05-15T11:45:36.136Z,0,Negatif,3,19
Ovo,Lamhot Siahaan,2,kok lelet kali ovo ini,2025-05-15T11:34:14.282Z,0,Negatif,5,22
Ovo,MasRadit777,5,Tolong tambahkan fitur daily login. contoh : setiap hari login dapat tambahan saldo 2.000 dengan misi harian seperti transaksi di retail 10.000 atau yang lain. terimakasih semoga jadi bahan pertimbagan.,2025-05-15T11:12:39.281Z,0,Positif,30,202
Ovo,Syaiful Reiza,1,dikasih paylater tapi ga ada menu buat paylater.. kocak,2025-05-15T10:59:11.129Z,0,Negatif,9,55
Ovo,Agifajar Ramdani,2,kenapa saya top'ap dari seabank ke ovo say ko nggk masuk uang nya top'ap 100 tolong pulihkan uang transfer saya ovo atas nama AGI FAJAR RAMDANI,2025-05-15T10:56:49.140Z,0,Negatif,26,143
Ovo,ngadi rin,2,hati hati banyak Aplikasi yg sama Tapi beda Fungsinya beda pembuatnya dan berbeda tujuannya Ada yg Resmi ada juga ilegal atau PaLsu namanya Sama Sama OVO Warna Aplikasinya juga Sama Ungu,2025-05-15T10:28:25.990Z,0,Negatif,31,186
Ovo,Panji Afrianto,1,loading mau masuk gila lama kali,2025-05-15T10:26:53.665Z,0,Negatif,6,32
Ovo,Adam siburian,5,"hallo Ovo, tolong di check akun saya ya, kenapa saat buka aplikasi ovo, lama sekali loading nya, dan sampai tidak terbuka untuk waktu yg cukup lama. mohon ditindaklanjuti ya. Terima kasih",2025-05-15T10:24:20.103Z,8,Positif,31,187
Ovo,Yoga Aditria,5,ok,2025-05-15T10:15:44.388Z,0,Positif,1,2
Ovo,Muh Ahyar,5,MANTAPğŸ‘ğŸ‘ğŸ‘ğŸ‘ğŸ‘,2025-05-15T10:04:02.595Z,0,Positif,1,11
Ovo,SURYA GINTING,5,mantap,2025-05-15T09:59:14.266Z,0,Positif,1,6
Ovo,yafiq sleketep,5,luar biasa aja,2025-05-15T09:57:10.795Z,0,Positif,3,14
Ovo,Joel Kiefly,5,ok bangeeeet,2025-05-15T09:18:52.287Z,0,Positif,2,12
Ovo,Gianto Yanto,1,"orang mau bikin akun, kok malah di blokir...",2025-05-15T09:10:06.315Z,0,Negatif,8,44
Ovo,whoeverbro,1,"cek email plis aku udah ketik proposal, aku mau bayar 8k doang, saldo aku awalnya 73 tiba tiba jadi 144 rupiah doang. setelah di cek histori, google ambil biaya sekitar 65 ribu. tanpa persetujuan saya sekalipun. MOHON CEK EMAIL!! SAMA MAU PENGEMBALIAN UANG",2025-05-15T09:04:24.360Z,0,Negatif,43,256
Ovo,bumi massa,1,iklan ganggu,2025-05-15T09:00:18.618Z,0,Negatif,2,12
Ovo,Bahong Kecil1234,1,"memuat gagal terus, mau ganti nomer",2025-05-15T08:55:08.820Z,0,Negatif,6,35
Ovo,HAMKA HAMKA,5,mantap,2025-05-15T07:37:08.619Z,0,Positif,1,6
Ovo,Ceng Cengpoo,3,pembaruan tross,2025-05-15T06:29:16.142Z,0,Netral,2,15
Ovo,Omen Omen,1,"sekarang aplikasi ini makin buruk, mau login aja susah mintak ampun...padahal mau buru buru, jadi ribet dibuat",2025-05-15T06:12:14.907Z,0,Negatif,17,110
Ovo,TUBAGUS NURHADI,1,buat login ke aplikasinya kadang sering gagal,2025-05-15T06:02:23.183Z,0,Negatif,7,45
Ovo,Lemon Tea,1,"ovo maling . topup gak masuk2 lapor cs pulsanya mahal banget 60rb baru bisa lapor , csnya gak niat kerja orang lapor malah dimatiin",2025-05-15T05:58:34.976Z,0,Negatif,24,131
Ovo,Fitra Jae,1,"udah coba beberapa kali upgrade ke premier, susahnya minta ampun,gagal terus, terus mau bayar pake qris gabisa,terus mau di apain duit gua yg ada di ovo kalo gabisa di bawa tu duit kocak.",2025-05-15T05:53:25.454Z,0,Negatif,33,187
Ovo,Senyum CG,1,ngak kyk aplikasi sebelah gratis transfer....kalau mengirim sesuatu baik yg transfer ke kita maupun kita yg transfer selalu ada potongan nya 2.500 nyesall pakai ovo,2025-05-15T05:31:24.324Z,0,Negatif,25,164
Ovo,Ari Suliandri,1,akun saya ada yang menyalahgunakan. mau log in gak bisa. trus beberapa lama kenudian bisa di akses tapi sudah tdk premium. ini bener bener tidak aman. tmau upgrade pun susah. lebih baik saya ingin menonaktifin akun tolong jangan di persulit!,2025-05-15T05:24:46.532Z,0,Negatif,40,241
Ovo,Iwan Kurniawan,5,OVO UPDATE,2025-05-15T05:19:28.339Z,0,Positif,2,10
Ovo,Siti Jaenab,1,"kebanyakan potongan dikit"" kena biaya, promo nya sedikit bunga nya besar ğŸ‘",2025-05-15T05:17:55.891Z,0,Negatif,12,74
Ovo,Ahmad syaifullah,5,ok,2025-05-15T05:13:19.857Z,0,Positif,1,2
Ovo,Shanum 2,1,"Mau upgrade premium tidak bisa, tahap 1aja loadingnya lama banget",2025-05-15T04:22:18.320Z,0,Negatif,10,65
Ovo,RYCHARDO SITANGGANG,1,Rugi banget pake ovo saya transfer uang status berhasil tapi belum di terima.. Ovo tidak bertanggung jawab dan biaya top up sama biaya transfer mahal rugi pake apk ovo ini,2025-05-15T04:06:09.379Z,0,Negatif,30,171
Ovo,Bahrul sani,1,"pantes bintang 3.8, mau upgrade aja gagal terus , konyol",2025-05-15T03:52:56.117Z,0,Negatif,10,56
Ovo,Panus Mandacan,5,sangat baik,2025-05-15T03:37:00.906Z,0,Positif,2,11
Ovo,Nur Aulia,2,"makin jelek verifikasi lama, padahal jaringan saya bagus",2025-05-15T03:23:01.146Z,0,Negatif,8,56
Ovo,Tri Harwanto,5,Transaksi mudah dengan ovo,2025-05-15T03:15:39.534Z,0,Positif,4,26
Ovo,Muhammad Revin,3,Biaya topup potongan mahal sekali gilakkk,2025-05-15T03:12:35.916Z,0,Netral,6,41
Ovo,David depari,1,"susah,ribet upgrade Ovo premier",2025-05-15T03:08:51.909Z,0,Negatif,4,31
Ovo,jhoni mardonal,5,semoga pengajuan kartu kredit saya disetujui,2025-05-15T02:58:37.380Z,0,Positif,6,44
Ovo,Imam Hendriansyah,1,"Entah apa yang merasuki developer ini, fasilitas ga seberapa, tapi mau ngirim uang saja ada biaya admin, bahkan menerima uang juga langsung potong biaya admin, tanpa konfirmasi dulu YES / NO sebelumnya, main langsung potong aja, kasian uang punya temen saya yang mau nitip di ovo saya, haduh kacau, bagi orang besar mungkin ga seberapa, tapi bagi orang susah? saran saya jangan terlalu Tamak dev.",2025-05-15T02:56:23.200Z,0,Negatif,65,396
Ovo,Zaskia Ramadini,5,mantapppp,2025-05-15T02:54:31.657Z,0,Positif,1,9
Ovo,ratna ratna,3,knpa yah apliksi ini.. sllu minta verifikasi ktp dan foto selfi... udh berkli2 selfi.. tdk bisa verifikasi.. ribet amat ya allah,2025-05-15T02:34:34.469Z,0,Netral,21,128
Ovo,Nuril Arifin,1,woy pembayaran lwt qris muter2 mulu ga jls ovo sekarang,2025-05-15T02:32:59.740Z,0,Negatif,10,55
Ovo,Naufal Alfatah Syah,1,aplikasi sering ngelag gk bisa dibuka,2025-05-15T02:28:55.650Z,0,Negatif,6,37
Ovo,Lyaaa 24,5,mantap ovo josssss,2025-05-15T01:04:06.340Z,0,Positif,3,18
Ovo,Karang Karang,5,layanan ovo sangat menyenangkan mudah bertrassaksi,2025-05-15T00:48:30.673Z,0,Positif,6,50
Ovo,Zahra Qurrota A'yun,1,"APLIKASI SCAM menyesal install karena perlu verif KTP gagal terus, tapi uang top-up sebelumnya sudah kepotong, ga bisa dipakai buat apapun, hubungi bantuan tidak ada yang merespon",2025-05-14T23:57:23.613Z,0,Negatif,27,179
Ovo,Ridwan Agung,3,ini kenapa ya ovo dari kemarin gangguan mulu mau transfer ribet tapi pas transfer gagal saldo tak kunjung di balikan katanya udah masuk di ovo tabungan tapi pas mau di cek nggak bisa di buka itu gimana ya.. sistem nya eror terus tolong dong pihak ovo kedepannya lancar terus dan nggak ada kendala lagi,2025-05-14T23:54:06.331Z,0,Netral,54,301
Ovo,iRM ONe,1,"aplikasi miskin...apaÂ² bayar,transfer bayar,,terima transfer bayar..",2025-05-14T23:40:13.660Z,0,Negatif,6,68
Ovo,Amir Solo,1,"konfirmasi lewat wa tidak bisa, memasukan nama lengkap juga tidak bisa",2025-05-14T23:19:54.135Z,0,Negatif,11,70
Ovo,YUDI WAHYUDI,1,"Gue mau daftar aja gak bisa.. malah di suruh login, akun aja belum punya... aplikasi stresss",2025-05-14T22:54:14.704Z,0,Negatif,16,92
Ovo,Tarsudin Dien,1,saya kasih bintang 1 dulu ya . maaf . pasti sangat kecewa saya berikan bintang 1 . kenapa bintang 1. pasti ada aLasan. pembayaran melalui Qr .saldo di terima. tetapi sedang proses . tunggu berjam jam baru( pembayaran berhasil )jam transaksi 14.32 wib pembayaran berhasil 23.45 .laporan ke pihak pombensin .bahwa dana sudah masuk .ternyata setelah di cek oleh pihak pom laporan (pending). (mana yang benar .mana yang salah ) tragedi pembelian pom bensin. saya sdah bls chat emailovo. blum ada respon,2025-05-14T21:17:00.130Z,1,Negatif,82,498
Ovo,Anak Geming,1,sumpah gua kecewa uang gua ilang 80 pembayaran lewat qris mlh gagal tapi saldo terkirim sedang kan di oleh penerima blm mendapat kan pembayaran mohon di bantu pihak ovo,2025-05-14T21:15:04.930Z,0,Negatif,29,168
Ovo,Abenk,2,pake ovo kekurangan nya bnyak . 1 gk bisa tf ke e walet. 2 terlalu gede bayar admin nyağŸ˜­,2025-05-14T21:11:24.453Z,0,Negatif,19,88
Ovo,pribadi 1308,1,aplikasi busuk tf berhari hari ga masuk saldo,2025-05-14T19:53:44.868Z,0,Negatif,8,45
Ovo,Nazwa Latifh,1,good,2025-05-14T19:06:11.237Z,0,Negatif,1,4
Ovo,Andre Pratama,1,"saya transfer kemarin sampe sekarang masih proses Mulu, ada apa ini?",2025-05-14T18:31:55.505Z,0,Negatif,11,68
Ovo,Agung Kurniawan,2,saldo ovo sudah terpotong tapi pembayaran blm sukses ğŸ¤¨,2025-05-14T17:49:14.622Z,0,Negatif,9,54
Ovo,Albukhari Taylor,1,Ribet setiap transaksi terlalu mahal,2025-05-14T17:37:00.361Z,0,Negatif,5,36
Ovo,arifin saputra,2,udh 2 kali kejadian gagal transfer.. pusat bantuan gagal Mulu..,2025-05-14T16:57:45.503Z,0,Negatif,10,63
Ovo,ADITIA WARMAN,1,"proses verifikasinya sangat lama,dan belum kelarÂ²sampe sekarang",2025-05-14T16:49:01.920Z,0,Negatif,7,63
Ovo,hamdan hamida,1,"Bulan lalu transfer, keterangannya berhasil tapi TDK sampai ke bank tujuan,.!!! Hari ini TOP UP keterangan berhasil tapi tidak masuk saldonya.!! #JANGANPAKAIOVO",2025-05-14T16:07:28.771Z,0,Negatif,22,160
Ovo,Dendilungguh Pangestu,1,makin ga jelas Ovo,2025-05-14T16:01:48.130Z,0,Negatif,4,18
Ovo,Ling Ling,1,apk gak jelas log in gak bisa,2025-05-14T16:00:11.231Z,0,Negatif,7,29
Ovo,Suci Fatmawati,1,kenapa masa upgrade GK bisa trs ya tolong lah saya mau transfer gak bisa gimana sihhh aplikasi terlemottt nyesel saya,2025-05-14T15:54:55.857Z,0,Negatif,20,117
Ovo,Erick Grab,5,sering lemot bikin kesel,2025-05-14T15:21:06.729Z,0,Positif,4,24
Ovo,Pam Uji,5,jos,2025-05-14T15:07:02.739Z,0,Positif,1,3
Ovo,Petrified Demon,2,"Sejauh ini e Wallet paling buruk sih, selain susah buat hubungi CS kalo ada trouble top up juga bayar mulu. Promo juga jarang",2025-05-14T14:57:56.360Z,0,Negatif,23,125
Ovo,Ratna Suminar,1,ganggu bangeeett iklanya,2025-05-14T14:43:21.531Z,0,Negatif,3,24
Ovo,MuhaiminSyaiful Fikri,1,min tup up saya kok nggak masuk??? kecewa bangett min,2025-05-14T14:40:37.611Z,0,Negatif,10,53
Ovo,Iwan D,1,apk ngak mutu,2025-05-14T14:35:49.207Z,0,Negatif,3,13
Ovo,Bang Bet,1,ribet masih kyk jaman maja pahit,2025-05-14T14:34:15.991Z,0,Negatif,6,32
Ovo,Aw Aw,5,saya top up saldo OVO 4jta tgl 11 kemarin tidak masuk2 sampai skrg sedangkan saldo saya sudah kepotong... ket. masih dalam proses..,2025-05-14T14:24:28.422Z,0,Positif,22,131
Ovo,Ira Irawati,1,"aku gabisa nerima otp lewat wa plis,kalo lewat sms kartuku hilang",2025-05-14T14:06:10.498Z,0,Negatif,11,65
Ovo,Destiyan channel Channel,1,"ovo itu aplikasi jahat,yang transper ke potong saldo nya yg Nerima juga ke potong saldo nya,",2025-05-14T13:49:42.738Z,0,Negatif,16,92
Ovo,Mohammad Fakkar,1,"mau upgrade sulit, mau tf jga sulit pdhal qrcode kebaca setiap scan. Ga jelas bet",2025-05-14T13:46:29.600Z,0,Negatif,15,81
Ovo,Fendi AR 22,1,SANAGAT BURUKK APK GA GUNA,2025-05-14T13:36:12.813Z,0,Negatif,5,26
Ovo,Tri Wijaksono,1,"aplikasi gak berguna login aja susah mending gausah make ovo gajelas aplikasinya login berkali kali gabisa benar benar aplikasi dengan kualitas yang sangat buruk,",2025-05-14T13:35:53.743Z,0,Negatif,24,162
Ovo,Ahmad Pipin Arifin,1,mengecewakan aplikasi ini.saya top up di counter yang menggunakan dana padahal di dana nya sudah berhasil transaksinya.buat laporan ke ovo sudah .tapi tetap saja saldo gak masuk juga.tlong aplikator bukan masalah uang kecil yg gak masuk.tapi saya butuh buat top up ke akun driver saya.hilangkan tindakan mempersulit jika mau bersaing dengan e wallet lain.gimana ini udah 2hariiiii masa gak ada tindakan etikd baik nya.bikin malu aja,2025-05-14T13:33:14.316Z,0,Negatif,66,432
Ovo,Suhanto anto,5,bagus banget,2025-05-14T12:56:24.895Z,0,Positif,2,12
Ovo,Salsa Bila Ardas,1,moga berkah ya duid yg ga sberapa dri org kaya ini,2025-05-14T12:33:48.211Z,0,Negatif,11,50
Ovo,Egi Kurniawan,1,". amanin dong min KLO orang punya saldo di apk ini,, masa ga ada masalah apa apa saldo bisa di potong google, sedang pembayaran aja pake sandi kenapa ini engga langsung main potong, trus siapa kalo saldo udah hilang siapa yg mau tanggung jawab .",2025-05-14T12:25:26.627Z,0,Negatif,45,245
Ovo,yoga prasetyo,1,aplikasi ribet makan tuh duit potongan,2025-05-14T12:25:17.753Z,0,Negatif,6,38
Ovo,Alip Putra,1,gua dah tf ke bank malah proses udah 2 hari sampah,2025-05-14T12:16:42.115Z,0,Negatif,11,50
Ovo,Kenzo Stevanno akbar,5,ok,2025-05-14T12:12:43.184Z,1,Positif,1,2
Ovo,M raysa Rasya,5,pliss min nmr saya sudah tidak pake lgi alias kartu hilang. dan email saya lupa password. tolong di bantu min. saldo saya ada lumayan banyak. sudah mencoba beberapa kali tetap tidak ada jalan keluar. mohon minta bantuan nya min resetkan akun saya. biar saya ganti nomor sama gmail,2025-05-14T12:01:47.745Z,0,Positif,48,280
Ovo,Raffa Sya,1,"aplikasi dlogok jaran,, udh terlanjur daftar lagi.. potongan terlalu lebayy",2025-05-14T11:57:43.712Z,0,Negatif,10,75
Ovo,Jeni Kolo,5,good,2025-05-14T10:22:44.556Z,0,Positif,1,4
Ovo,Ahmad Khoirul,1,males bet top up malah kena biaya adminğŸ¥±,2025-05-14T10:11:04.170Z,0,Negatif,8,40
Ovo,tuan monang,5,mantap,2025-05-14T10:08:00.194Z,0,Positif,1,6
Ovo,Julia Pratiwi,1,"heran udah 21 kali gagal verifikasi terus , syaang duitnya nyangkut disitu , tolong dong ya allah",2025-05-14T09:51:31.948Z,0,Negatif,17,97
Ovo,Kurniawan Pratama,5,sangat membantu.,2025-05-14T09:49:22.339Z,0,Positif,2,16
Ovo,Kiss Zelin,3,bagus,2025-05-14T08:55:05.959Z,0,Netral,1,5
Ovo,yuhri khan,5,kemudaha untuk trensakai dan belanja di mana sajah,2025-05-14T08:41:50.404Z,0,Positif,8,50
Ovo,Medina,1,apk keuangan ter aneh. bnyak bgt biaya adminnya. gak kayak dana shopeepay dll..,2025-05-14T08:26:46.840Z,0,Negatif,13,79
Ovo,fadli maulana,1,"apk taekkk, JANGAN DI DWONLOAD TIDAK RECOMMENDED ğŸ‘ğŸ‘ğŸ‘ğŸ‘ğŸ‘ğŸ‘",2025-05-14T08:08:23.490Z,0,Negatif,8,55
Ovo,desember Ambar,4,"keterangan transaksi lagi diproses maks 2 hari kerja tapi kenyataannya melebihi 2 hari 3 hari bahkan bisa lebih wkkwkwk lu ga tau waktu ya min. . Kesel sumpah// karena saldo sudah dikembalikan dalam waktu 4 Hari bintang Aku naikan 4 dulu, kalo kondusif 2 hari Aku naikin 5",2025-05-14T08:06:46.210Z,0,Positif,48,272
Ovo,Yunita Sari,1,biaya transaksi selalu ke ambil 3rb an sedangkan e Wallet lain ga segitu. udh gitu masih kepetong oleh ovonya nyesall dehh,2025-05-14T08:05:47.630Z,0,Negatif,21,122
Ovo,Abdo Al Azer,2,"Tolong diperbaiki lagi aplikasinya. Koneksi internet stabil, masuk ke aplikasi lambat sekali. Sudah diupdate, masih lambat",2025-05-14T07:57:55.414Z,0,Negatif,16,122
Ovo,Charles Loss,1,kenapa gak bisa di buka aplikasi OVO saya,2025-05-14T07:53:14.430Z,0,Negatif,8,41
Ovo,A Nst,5,Sukses,2025-05-14T07:32:07.985Z,0,Positif,1,6
Ovo,Aski Azhari,1,kode otp ga dikirim kirim,2025-05-14T07:28:10.776Z,0,Negatif,5,25
Ovo,Mangatas Hutahayan,1,"knp mau daftar aja susah masuk, sdh dapat kode, eh masuk tulis nama ngga bisa...aplikasi apa nih ..membagongkan !! saldo saya udah di tf saudara 50 ribu itu gmn",2025-05-14T07:27:48.257Z,0,Negatif,29,160
Ovo,Putra Borneo,1,"kenapa upgradepun harus gunakan ktp, udah gunakan ktp kok bilangnya tidak sesuai,",2025-05-14T07:27:13.549Z,0,Negatif,12,81
Ovo,Salsa Rostiatin,1,daftar ribet minta kode otp gak ada terus sampai berhari hari udah ada suruh masukin nama cuma bisa nulis 1 huruf di lanjutin gak bisa karna harus minimal 3 hurup tapi pas nulis cuma bisa 1 hurup di tekan huruf apapun gak muncul apk bangke,2025-05-14T07:22:19.931Z,0,Negatif,45,239
Ovo,Das Hadi,5,Ok,2025-05-14T07:08:56.617Z,0,Positif,1,2
Ovo,Andry 0532,4,yaaa oke lah buat top up ffğŸ—¿,2025-05-14T07:08:06.759Z,0,Positif,7,28
Ovo,Raffa Saputra,1,Jelek,2025-05-14T06:47:27.376Z,0,Negatif,1,5
Ovo,Rizki mubanam,1,"sangat tidak privasi keamanan nya rawan apk ini, setelah saya daftar, banyak no tidak dikenal spam sms ke saya. buruk sekali apk anda bung",2025-05-14T06:09:38.773Z,0,Negatif,24,138
Ovo,Uteng Wati,5,good,2025-05-14T06:07:42.684Z,0,Positif,1,4
Ovo,Salman Yafi,5,uang transferan gue kaga masuk masuk masih di proses terus padahal uang nya buat setor jadinya gue kaga bisa kerja anjir,2025-05-14T05:48:36.404Z,0,Positif,21,120
Ovo,Aries,1,Untuk mencari kota/kabupaten terlalu ribet mencarinya harus skrol..PUSING. TIDAK PRAKTIS. JELEK.....!!!!!!!!!,2025-05-14T05:48:27.190Z,0,Negatif,11,109
Ovo,Defa Vino,3,masalah kecil tapi pihak ovo tidak bisa bantu.,2025-05-14T05:21:20.612Z,0,Netral,8,46
Ovo,Aunur Rofik,1,tgl: 11-5-2025 sya transaksi ke bank BCA..saldo kepotong tapi uang blum di terima..masih di proses .gimana tanggapan ovo mohon di kembalikan saldo saya..atau kirim ke BCA.,2025-05-14T05:15:31.336Z,0,Negatif,26,171
Ovo,Tampati NGL Batubara,5,Bagus,2025-05-14T05:12:52.340Z,0,Positif,1,5
Ovo,rumana A.P,1,"busettt.. isi saldo dipotong, mau transfer ada biaya admin . males bgt gue. minimal kaya DANA dong, TF bank sebulan nya 10x gratis admin . kalo lebih dari 10 baru ada admin. aplikasi apaaan ini nyesel w donlod",2025-05-14T04:52:11.288Z,0,Negatif,38,209
Ovo,Dimas Wicaksono,1,najis tf aja dibuat susah kaga kaya dana atau gopay kalau ada bintang setengah juga gua kasih setengah bintang,2025-05-14T04:49:58.663Z,0,Negatif,19,110
Ovo,Anto Widianto,1,"Say transfer ke bank dari ovo masih dalam proses trus gimana nih ovo, lelet kerja nyh busuk",2025-05-14T04:40:02.546Z,0,Negatif,17,91
Ovo,Didi Ahmad zaki,5,mantaaaaaap,2025-05-14T04:28:30.353Z,0,Positif,1,11
Ovo,Hamid,5,gampang &mudah untuk brtransaksi tpi kadang ada gendala pembayaran dlm proses sedangkan saldo udah kpotong blm nyampe jg kepenerimanya.mohon diperbaiki.,2025-05-14T04:27:38.111Z,0,Positif,20,152
Ovo,Toni Jusminto,1,"kenapa aplikasi tidak bisa login. saldo ada masih didalamnya, bagaimana ini??!!",2025-05-14T04:09:56.375Z,0,Negatif,11,79
Ovo,Ryyu Gamers,1,"GABISA LOGIN AJG, KODE OTP GA DIKIRIM",2025-05-14T04:08:34.840Z,0,Negatif,7,37
Ovo,05_ahmad ainun Najib,1,"aplikasi aneh transfer ke bank 4 hari kok belom masok ,apakah aplikasi ini berguna untuk transfer apa menghilang uang?",2025-05-14T04:04:33.765Z,0,Negatif,19,118
Ovo,Rachmad Taufik,5,bintang berbicara,2025-05-14T03:41:42.180Z,0,Positif,2,17
Ovo,kadek pastika,5,case closed thanks,2025-05-14T03:25:17.465Z,0,Positif,3,18
Ovo,Muhammad FAUDHOLI,1,Apk gak jelas security code udah bener malah gak bisa apk haram gak guna sampah,2025-05-14T03:07:06.514Z,0,Negatif,15,79
Ovo,Jaya,1,tolong kembalikan uang saya udah sehari transaksi masih di proses,2025-05-14T02:52:58.709Z,0,Negatif,10,65
Ovo,ali mustofa,1,jelek,2025-05-14T02:44:42.476Z,0,Negatif,1,5
